철도운영기관명,선명,역명,승강장번호,상하행,지상구분,역층,승강장연결 여부,스크린도어 유무,안전발판 유무
의정부경량전철주식회사,의정부,발곡,1,상행,지상,2,Y,Y,N
의정부경량전철주식회사,의정부,발곡,2,하행,지상,2,Y,Y,N
의정부경량전철주식회사,의정부,회룡,2,하행,지상,2,Y,Y,N
의정부경량전철주식회사,의정부,회룡,1,상행,지상,2,Y,Y,N
의정부경량전철주식회사,의정부,범골,1,상행,지상,2,Y,Y,N
의정부경량전철주식회사,의정부,범골,2,하행,지상,2,Y,Y,N
의정부경량전철주식회사,의정부,경전철의정부,1,상행,지상,2,Y,Y,N
의정부경량전철주식회사,의정부,경전철의정부,2,하행,지상,2,Y,Y,N
의정부경량전철주식회사,의정부,의정부시청,2,하행,지상,2,Y,Y,N
의정부경량전철주식회사,의정부,의정부시청,1,상행,지상,2,Y,Y,N
의정부경량전철주식회사,의정부,흥선,1,상행,지상,2,Y,Y,N
의정부경량전철주식회사,의정부,흥선,2,하행,지상,2,Y,Y,N
의정부경량전철주식회사,의정부,의정부중앙,2,하행,지상,2,Y,Y,N
의정부경량전철주식회사,의정부,의정부중앙,1,상행,지상,2,Y,Y,N
의정부경량전철주식회사,의정부,동오,1,상행,지상,2,Y,Y,N
의정부경량전철주식회사,의정부,동오,2,하행,지상,2,Y,Y,N
의정부경량전철주식회사,의정부,새말,1,상행,지상,2,Y,Y,N
의정부경량전철주식회사,의정부,새말,2,하행,지상,2,Y,Y,N
의정부경량전철주식회사,의정부,경기도청북부청사,1,상행,지상,2,Y,Y,N
의정부경량전철주식회사,의정부,경기도청북부청사,2,하행,지상,2,Y,Y,N
의정부경량전철주식회사,의정부,효자,1,상행,지상,2,Y,Y,N
의정부경량전철주식회사,의정부,효자,2,하행,지상,2,Y,Y,N
의정부경량전철주식회사,의정부,곤제,1,상행,지상,2,Y,Y,N
의정부경량전철주식회사,의정부,곤제,2,하행,지상,2,Y,Y,N
의정부경량전철주식회사,의정부,어룡(용현산업단지),1,상행,지상,2,Y,Y,N
의정부경량전철주식회사,의정부,어룡(용현산업단지),2,하행,지상,2,Y,Y,N
의정부경량전철주식회사,의정부,송산,2,하행,지상,2,Y,Y,N
의정부경량전철주식회사,의정부,송산,1,상행,지상,2,Y,Y,N
의정부경량전철주식회사,의정부,탑석,1,상행,지상,2,Y,Y,N
의정부경량전철주식회사,의정부,탑석,2,하행,지상,2,Y,Y,N