country,osm_node_id,place,name_ko,latitude,longitude,population_tag
South Korea,415155460,town,가곡면,37.15045,129.2057791,
South Korea,415155543,town,가곡면,37.0211437,128.4153311,
South Korea,415155885,town,가남읍,37.2030833,127.5465246,
South Korea,415159079,town,가덕면,36.5578847,127.5611382,
South Korea,414978991,town,가례면,35.35269,128.22781,
South Korea,415149327,town,가북면,35.78884,128.00497,
South Korea,415146453,town,가사문학면,35.1773048,127.0278392,1468
South Korea,415152961,town,가산면,37.8359533,127.1919212,
South Korea,415162307,town,가산면,36.07221,128.53836,
South Korea,415163331,town,가야곡면,36.1452923,127.1682982,
South Korea,415151079,town,가야면,35.74824,128.11068,
South Korea,415143740,town,가야읍,35.27122,128.39564,
South Korea,415158864,town,가은읍,36.64073,128.03747,
South Korea,415162385,town,가음면,36.22591,128.73495,
South Korea,415151044,town,가조면,35.7029,128.02293,
South Korea,415148821,town,가창면,35.7778073,128.6476679,
South Korea,415149395,town,가천면,35.86735,128.13972,
South Korea,415152738,town,가평읍,37.825338,127.5166062,21307
South Korea,414977281,town,가회면,35.45421,128.03581,
South Korea,415150739,town,각남면,35.62227,128.66043,
South Korea,415150699,town,각북면,35.69357,128.59016,
South Korea,4920826533,town,간동면,38.0551729,127.7897664,
South Korea,415151832,town,간성읍,38.3783535,128.4671265,
South Korea,415164226,town,간전면,35.1818117,127.5449857,
South Korea,415152119,town,갈말읍,38.1455055,127.3082796,
South Korea,415159390,town,갈산면,36.6090111,126.5504822,
South Korea,415148070,town,감곡면,35.72037,126.92486,
South Korea,415155832,town,감곡면,37.09892,127.65796,
South Korea,415162655,town,감문면,36.21439,128.17442,
South Korea,415157083,town,감물면,36.8424379,127.876388,
South Korea,415158481,town,감천면,36.73414,128.51646,
South Korea,415162576,town,감천면,36.06367,128.13768,
South Korea,415148237,town,감포읍,35.8058526,129.5017489,
South Korea,415153118,town,갑천면,37.5561553,128.0896412,
South Korea,415163367,town,강경읍,36.1580553,127.0179724,
South Korea,415160152,town,강구면,36.37562,129.37399,
South Korea,415159570,town,강내면,36.6104608,127.3638544,
South Korea,415148142,town,강동면,35.99726,129.26826,
South Korea,415153040,town,강동면,37.7237815,128.963334,
South Korea,415153024,city,강릉시,37.7525313,128.8759523,213952
South Korea,415154484,town,강림면,37.3502611,128.1221004,
South Korea,415155132,town,강상면,37.4768826,127.486187,
South Korea,414979356,town,강진면,35.54734,127.1415,
South Korea,415165476,town,강진읍,34.63266,126.75378,
South Korea,415154818,town,강천면,37.2714456,127.714958,
South Korea,415155125,town,강하면,37.4961021,127.4115001,
South Korea,415151897,town,강현면,38.1493338,128.6070958,
South Korea,415153263,town,강화읍,37.7482072,126.4835323,
South Korea,415154776,town,개군면,37.4270511,127.5376767,
South Korea,415162671,town,개령면,36.16978,128.18051,
South Korea,415149916,town,개정면,35.9630105,126.7856178,
South Korea,415150899,town,개진면,35.71299,128.36346,
South Korea,415145437,town,개천면,35.10025,128.2884,
South Korea,415158663,town,개포면,36.6143,128.36445,
South Korea,415146789,town,거류면,34.98446,128.38417,
South Korea,415146680,town,거제면,34.85054,128.5769,
South Korea,358015380,city,거제시,34.8804677,128.621207,254073
South Korea,415151804,town,거진읍,38.4294,128.42706,
South Korea,493344082,town,거창읍,35.6863036,127.9100451,
South Korea,415148298,town,건천읍,35.8480135,129.1032169,
South Korea,415159296,town,결성면,36.54898,126.54708,
South Korea,415146616,town,겸면,35.25109,127.17621,
South Korea,415164938,town,겸백면,34.82666,127.15151,
South Korea,358015360,city,경산시,35.825122,128.741329,257592
South Korea,257370656,city,경주시,35.8556705,129.2248811,258156
South Korea,415162905,town,경천면,36.0417141,127.2677087,
South Korea,415165324,town,계곡면,34.6536,126.64334,
South Korea,415151294,town,계남면,35.69374,127.58013,
South Korea,415161864,town,계룡면,36.3694288,127.1539379,
South Korea,415161986,city,계룡시,36.275523,127.2472702,44042
South Korea,415149573,town,계북면,35.78536,127.61957,
South Korea,414980104,town,계성면,35.47756,128.51246,
South Korea,415149765,town,계화면,35.7617797,126.6982798,
South Korea,415148281,town,고경면,35.98381,129.05957,
South Korea,415165800,town,고군면,34.49288,126.34005,
South Korea,415165991,town,고금면,34.39912,126.80669,
South Korea,415160945,town,고남면,36.4243388,126.4080954,
South Korea,415163913,town,고달면,35.3014319,127.3387072,
South Korea,415157491,town,고대면,36.93599,126.58566,
South Korea,415156317,town,고덕면,37.0334835,127.0132264,
South Korea,415157549,town,고덕면,36.75549,126.72461,
South Korea,415147898,town,고부면,35.60804,126.76409,
South Korea,415159405,town,고북면,36.6667351,126.5251821,
South Korea,415150338,town,고산면,35.9727722,127.2281284,
South Korea,415156001,town,고삼면,37.0871,127.27054,
South Korea,415146399,town,고서면,35.2207545,126.976336,
South Korea,415146764,town,고성읍,34.977565,128.320239,
South Korea,415144125,town,고수면,35.39625,126.67752,
South Korea,415162483,town,고아읍,36.2108654,128.3290387,
South Korea,415150689,town,고암면,35.57559,128.5153,
South Korea,358015198,city,고양시,37.6581862,126.8319452,1045497
South Korea,415145824,town,고전면,35.02259,127.819,
South Korea,415149486,town,고제면,35.84836,127.86455,
South Korea,415144170,town,고창읍,35.4315147,126.6972448,
South Korea,415153699,town,고촌읍,37.60599,126.76195,
South Korea,415155476,town,고한읍,37.2040474,128.8516421,
South Korea,415147565,town,고현면,34.88957,127.87438,
South Korea,415165376,town,고흥읍,34.60741,127.27048,
South Korea,415163886,town,곡성읍,35.28015,127.28443,
South Korea,415145940,town,곤명면,35.1205,127.94502,
South Korea,415145922,town,곤양면,35.06771,127.98117,
South Korea,415155072,town,곤지암읍,37.3499544,127.3619528,
South Korea,415158824,town,공검면,36.5172372,128.1353809,
South Korea,415153226,town,공근면,37.558446,127.9679575,
South Korea,415149989,town,공덕면,35.8923005,126.9127663,
South Korea,415158083,town,공도읍,36.9915,127.17214,
South Korea,415146036,town,공산면,34.94978,126.60308,
South Korea,415160630,town,공성면,36.28969,128.0791,
South Korea,415143996,town,공음면,35.37943,126.52836,
South Korea,415161922,city,공주시,36.47257,127.09124,110428
South Korea,415165435,town,과역면,34.69006,127.3844074,
South Korea,1910974426,city,과천시,37.4289037,126.9881655,58018
South Korea,415165649,town,관산읍,34.5578,126.94147,
South Korea,415152237,town,관인면,38.13706,127.23977,
South Korea,415151487,town,관촌면,35.68868,127.28206,
South Korea,415160074,town,광덕면,36.68092,127.1072,
South Korea,415146794,town,광도면,34.91653,128.40649,
South Korea,1912558055,city,광명시,37.4785475,126.8643937,298116
South Korea,415163391,town,광석면,36.2431126,127.08384,
South Korea,415159811,town,광시면,36.56243,126.78873,
South Korea,358015462,city,광양시,34.9406452,127.6959512,151834
South Korea,415147814,town,광양읍,34.9732493,127.5810068,
South Korea,415164061,town,광의면,35.2637943,127.466773,
South Korea,415152841,town,광적면,37.8245077,126.9838784,11869
South Korea,358015168,city,광주,35.1594647,126.8515034,1460745
South Korea,415155086,city,광주시,37.4290844,127.255189,385141
South Korea,415159342,town,광천읍,36.5078011,126.6291077,
South Korea,415152765,town,광탄면,37.7797029,126.8821362,
South Korea,415157721,town,광혜원면,36.9766198,127.4297044,
South Korea,415149774,town,광활면,35.8333369,126.7412548,
South Korea,415157058,town,괴산읍,36.8128301,127.7978613,
South Korea,3428338244,town,교동면,37.7884282,126.2696329,
South Korea,415164375,town,구례읍,35.2085428,127.4633373,
South Korea,415163112,town,구룡면,36.25128,126.81559,
South Korea,415148119,town,구룡포읍,35.98434,129.53674,
South Korea,415154093,city,구리시,37.5935948,127.1297917,192051
South Korea,415144768,town,구림면,35.45496,127.09049,
South Korea,415145466,town,구만면,35.09276,128.33569,
South Korea,358015287,city,구미시,36.1195513,128.3444692,421799
South Korea,415145277,town,구산면,35.09803,128.57679,
South Korea,415162556,town,구성면,36.03887,128.02969,
South Korea,414979272,town,구이면,35.71526,127.12113,
South Korea,415153037,town,구정면,37.7177828,128.8792754,
South Korea,415164654,town,구좌읍,33.51662,126.81055,
South Korea,415150950,town,구지면,35.65198,128.41084,
South Korea,415160614,town,구천면,36.33668,128.42431,
South Korea,415159348,town,구항면,36.5728,126.61717,
South Korea,415151971,town,국토정중앙면,38.1083662,128.0343232,
South Korea,415144503,town,군남면,35.23129,126.44017,
South Korea,415152201,town,군남면,38.0727312,127.0362672,
South Korea,415152957,town,군내면,37.87723,127.22198,
South Korea,415165100,town,군내면,34.5361155,126.297506,
South Korea,415165532,town,군동면,34.64311,126.82044,
South Korea,415143694,town,군북면,35.25835,128.33276,
South Korea,415161029,town,군북면,36.3567138,127.5629452,
South Korea,415162838,town,군북면,36.1781709,127.5337924,
South Korea,358015322,city,군산시,35.9679984,126.7369036,274997
South Korea,415143868,town,군서면,35.26266,126.468,
South Korea,415146015,town,군서면,34.78578,126.63304,
South Korea,415160951,town,군서면,36.2715189,127.5244292,
South Korea,415165863,town,군외면,34.37485,126.67123,
South Korea,415162363,town,군위읍,36.2399401,128.568785,
South Korea,358015330,city,군포시,37.3615229,126.9349025,275571
South Korea,414979003,town,궁류면,35.43751,128.2398,
South Korea,415155768,town,귀래면,37.1876425,127.8841468,
South Korea,415161610,town,규암면,36.28475,126.87705,
South Korea,415152074,town,근남면,38.2433913,127.4933747,
South Korea,415156526,town,근남면,36.9499466,129.3791071,
South Korea,415154334,town,근덕면,37.3788794,129.2257539,
South Korea,4915945606,town,근동면,38.2998593,127.5254919,
South Korea,4915945600,town,근북면,38.3146449,127.3967788,
South Korea,4705474227,town,근흥면,36.7159517,126.2313762,
South Korea,415155727,town,금가면,37.02996,127.8943,
South Korea,415156561,town,금강송면,36.9350413,129.2468676,
South Korea,415145683,town,금곡면,35.10623,128.18916,
South Korea,415144786,town,금과면,35.33188,127.0868,
South Korea,415157684,town,금광면,36.98144,127.33277,
South Korea,415150175,town,금구면,35.7743344,127.0111221,
South Korea,415147533,town,금남면,34.97143,127.85335,
South Korea,415161492,town,금남면,36.4607279,127.3028691,
South Korea,415159500,town,금마면,36.60964,126.72946,
South Korea,415163285,town,금마면,36.0065883,127.0392656,
South Korea,415154762,town,금사면,37.394613,127.5356028,
South Korea,414979054,town,금산면,35.7164991,126.9959374,
South Korea,415145647,town,금산면,35.20586,128.15382,
South Korea,415166053,town,금산면,34.45922,127.15392,
South Korea,415163010,town,금산읍,36.1071141,127.490569,
South Korea,415143889,town,금서면,35.42213,127.814,
South Korea,415144741,town,금성면,35.34402,127.03436,
South Korea,415147517,town,금성면,34.96354,127.79293,
South Korea,415155698,town,금성면,37.06555,128.17987,
South Korea,415160496,town,금성면,36.26407,128.68951,
South Korea,415163000,town,금성면,36.1308104,127.453926,
South Korea,415149374,town,금수강산면,35.92606,128.14224,
South Korea,415157365,town,금왕읍,36.9862352,127.5716381,
South Korea,415166043,town,금일읍,34.3317033,127.0585585,
South Korea,415164707,town,금정면,34.85513,126.77391,
South Korea,415163900,town,금지면,35.33401,127.28861,
South Korea,415146190,town,금천면,35.0347337,126.7526328,
South Korea,415150653,town,금천면,35.7017,128.89477,
South Korea,415148575,town,금호읍,35.92362,128.89645,
South Korea,415162178,town,기계면,36.08404,129.18284,
South Korea,415152408,town,기린면,37.9664418,128.3476201,
South Korea,415162166,town,기북면,36.1435,129.1793,
South Korea,415149244,town,기산면,35.98284,128.35992,
South Korea,415163040,town,기산면,36.0838403,126.7638112,
South Korea,415156532,town,기성면,36.80482,129.42491,
South Korea,415145082,town,기장읍,35.2385796,129.2158159,
South Korea,414980124,town,길곡면,35.40091,128.56654,
South Korea,415153418,town,길상면,37.6265,126.49884,
South Korea,415160348,town,길안면,36.42406,128.9194,
South Korea,415155495,town,김삿갓면,37.11626,128.59967,
South Korea,358015517,city,김제시,35.803815,126.880557,87782
South Korea,415162581,city,김천시,36.1398035,128.1139534,143056
South Korea,4909017636,city,김포시,37.6155683,126.7157798,392092
South Korea,358015263,city,김해시,35.2279109,128.8895378,532132
South Korea,4915945589,town,김화읍,38.2532801,127.4199891,
South Korea,415166159,town,나산면,35.12218,126.60926,
South Korea,358015553,city,나주시,35.0158859,126.7108313,110110
South Korea,415163070,town,나포면,36.0296893,126.8317293,
South Korea,415160747,town,낙동면,36.3680417,128.2426917,
South Korea,415143724,town,낙서면,35.4859,128.39193,
South Korea,415151664,town,낙안면,34.9117877,127.3429039,
South Korea,415146159,town,남면,35.24313,126.79646,
South Korea,415147579,town,남면,34.76256,127.87672,
South Korea,415152435,town,남면,37.98107,128.09953,
South Korea,415152845,town,남면,37.8979205,126.9765995,
South Korea,415153174,town,남면,37.6182116,127.7676638,
South Korea,415153348,town,남면,37.7317648,127.6002741,
South Korea,415154421,town,남면,37.2835,128.72975,
South Korea,415155559,town,남면,37.159398,128.4103668,
South Korea,415159039,town,남면,36.6704094,126.2997798,
South Korea,415162683,town,남면,36.10444,128.22154,
South Korea,415163195,town,남면,36.21074,126.79738,
South Korea,415165063,town,남면,34.52423,127.75711,
South Korea,5318648931,town,남부면,34.7384587,128.6153964,
South Korea,415156389,town,남사읍,37.1271072,127.1550205,
South Korea,415148482,town,남산면,35.7939017,128.8365405,
South Korea,415152498,town,남산면,37.7876527,127.6477164,
South Korea,415151241,town,남상면,35.62008,127.90981,
South Korea,415158325,town,남선면,36.51128,128.75346,
South Korea,13610703160,town,남악신도시,34.8091947,126.4630761,
South Korea,415161696,town,남양면,36.3953633,126.7678615,
South Korea,415165431,town,남양면,34.73885,127.3547,
South Korea,4678242786,town,남양읍,37.2098661,126.821926,
South Korea,415154165,city,남양주시,37.6359398,127.2165051,723215
South Korea,358015558,city,남원시,35.4163118,127.3903713,84856
South Korea,415164643,town,남원읍,33.3076683,126.6907475,
South Korea,415163022,town,남이면,36.0476141,127.429607,
South Korea,10833433991,town,남이면,36.5606486,127.4335332,
South Korea,415159085,town,남일면,36.5773199,127.5185423,
South Korea,415162779,town,남일면,36.0342262,127.5056363,
South Korea,415160142,town,남정면,36.31153,129.34768,
South Korea,415155111,town,남종면,37.50048,127.31753,
South Korea,415143768,town,남지읍,35.42803,128.43144,
South Korea,415148910,town,남천면,35.76108,128.73768,
South Korea,415146224,town,남평읍,35.0452992,126.8440032,
South Korea,415161166,town,남포면,36.29548,126.58274,
South Korea,415151262,town,남하면,35.67535,127.9719,
South Korea,415155330,town,남한산성면,37.4611375,127.2324427,
South Korea,415147552,town,남해읍,34.838547,127.8936556,
South Korea,415158423,town,남후면,36.52845,128.63351,
South Korea,415163290,town,낭산면,36.0605659,127.0183287,
South Korea,415159123,town,낭성면,36.6287809,127.6006032,
South Korea,415153243,town,내가면,37.719122,126.3858798,
South Korea,415150562,town,내남면,35.7508972,129.1966246,
South Korea,415145577,town,내동면,35.14522,128.04327,
South Korea,415152399,town,내면,37.7932327,128.4016839,
South Korea,415159103,town,내북면,36.5534347,127.6591051,
South Korea,415161590,town,내산면,36.27799,126.76444,
South Korea,415160684,town,내서면,36.41324,128.05015,
South Korea,415145210,town,내서읍,35.24015,128.51617,
South Korea,415159171,town,내수읍,36.7021418,127.5569909,
South Korea,415152419,town,내촌면,37.8081009,128.1049078,
South Korea,415152949,town,내촌면,37.7981539,127.2341011,
South Korea,415154214,town,노곡면,37.3483101,129.163396,
South Korea,415164880,town,노동면,34.81142,127.05071,
South Korea,415161817,town,노성면,36.2904765,127.106316,
South Korea,415166300,town,노안면,35.08052,126.71743,
South Korea,415155916,town,노은면,37.0526461,127.7478343,
South Korea,415166062,town,노화읍,34.2007,126.56208,
South Korea,415158379,town,녹전면,36.7501,128.7671,
South Korea,415150935,town,논공읍,35.7310508,128.4516311,
South Korea,358015455,city,논산시,36.1868154,127.0987538,122630
South Korea,415162684,town,농소면,36.08575,128.18414,
South Korea,415158804,town,농암면,36.58224,128.00392,
South Korea,415164807,town,능주면,35.00298,126.9584,
South Korea,415164723,town,다도면,34.94174,126.83347,
South Korea,415149294,town,다사읍,35.8622907,128.4620011,
South Korea,415149282,town,다산면,35.82152,128.42451,
South Korea,415166154,town,다시면,35.0089,126.63703,
South Korea,415164223,town,다압면,35.11651,127.66841,
South Korea,415160565,town,다인면,36.46154,128.36778,
South Korea,415160524,town,단밀면,36.37017,128.36093,
South Korea,415160545,town,단북면,36.3962,128.39918,
South Korea,415156737,town,단산면,36.94535,128.6034,
South Korea,415143955,town,단성면,35.28066,127.92485,
South Korea,415156803,town,단성면,36.9369817,128.3236696,
South Korea,415156835,town,단양읍,36.9864257,128.3682432,
South Korea,415153306,town,단월면,37.5385235,127.6733059,
South Korea,414980054,town,단장면,35.49743,128.88473,
South Korea,415160472,town,단촌면,36.42219,128.6931,
South Korea,415160174,town,달산면,36.37404,129.27316,
South Korea,415144713,town,담양읍,35.31819,126.98236,
South Korea,3428290497,city,당진시,36.8904083,126.6461833,166630
South Korea,415145412,town,대가면,35.02574,128.2814,
South Korea,415149451,town,대가면,35.90351,128.21611,
South Korea,415150837,town,대가야읍,35.73209,128.25741,
South Korea,415144871,town,대강면,35.36426,127.229,
South Korea,415156787,town,대강면,36.8673283,128.3746519,
South Korea,414978902,town,대곡면,35.26375,128.17268,
South Korea,415153414,town,대곶면,37.65206,126.57169,
South Korea,2992177343,town,대관령면,37.6755383,128.7076865,6141
South Korea,257363453,city,대구광역시,35.8713,128.6018,2468222
South Korea,415165518,town,대구면,34.51063,126.81343,
South Korea,415146550,town,대덕면,35.23667,127.05384,
South Korea,415149515,town,대덕면,35.91293,127.94601,
South Korea,415156464,town,대덕면,37.03547,127.23958,
South Korea,415166012,town,대덕읍,34.48151,126.88025,
South Korea,414980074,town,대동면,35.2426376,128.9802623,
South Korea,415166194,town,대동면,35.09617,126.5439,
South Korea,415144066,town,대마면,35.30034,126.58881,
South Korea,415151036,town,대병면,35.52796,128.01754,
South Korea,415143610,town,대산면,35.3358032,128.7076259,
South Korea,415143738,town,대산면,35.346,128.43367,
South Korea,415144064,town,대산면,35.33613,126.5722,
South Korea,415163964,town,대산면,35.427,127.32071,
South Korea,415157252,town,대산읍,36.9611,126.40906,
South Korea,415151619,town,대서면,34.75986,127.28678,
South Korea,415157139,town,대소원면,36.9540617,127.8478679,
South Korea,415157729,town,대소읍,36.961679,127.489832,
South Korea,415148166,town,대송면,35.9681745,129.3627856,
South Korea,415159857,town,대술면,36.6602334,126.8985338,
South Korea,415154732,town,대신면,37.3742992,127.5865024,
South Korea,415149923,town,대야면,35.946052,126.8132889,
South Korea,415151132,town,대양면,35.51169,128.1853,
South Korea,415155865,town,대월면,37.21443,127.50044,
South Korea,414978874,town,대의면,35.36713,128.13893,
South Korea,257363455,city,대전광역시,36.3497007,127.3849016,1440558
South Korea,415144633,town,대전면,35.2763011,126.8940637,
South Korea,415164452,town,대정읍,33.2330247,126.2495988,
South Korea,415151002,town,대지면,35.54461,128.46165,
South Korea,415148624,town,대창면,35.86697,128.92044,
South Korea,4780378993,town,대청면,37.8330448,124.7035999,
South Korea,415161727,town,대치면,36.4476538,126.8581962,
South Korea,415145932,town,대평면,35.19919,127.97886,
South Korea,415150964,town,대합면,35.5936,128.44633,
South Korea,415162621,town,대항면,36.10753,128.01791,
South Korea,415157563,town,대호지면,36.90247,126.51549,
South Korea,415154463,town,대화면,37.4956442,128.4392608,
South Korea,415159871,town,대흥면,36.62683,126.81703,
South Korea,415149415,town,덕곡면,35.78004,128.21141,
South Korea,415150882,town,덕곡면,35.62722,128.32855,
South Korea,415151567,town,덕과면,35.52429,127.3704,
South Korea,415156878,town,덕산면,36.8921035,128.1658121,
South Korea,415159375,town,덕산면,36.690295,126.6535847,
South Korea,415157334,town,덕산읍,36.8968631,127.5060402,
South Korea,4780378982,town,덕적면,37.2317714,126.1155044,
South Korea,415146072,town,덕진면,34.82887,126.70449,
South Korea,415147952,town,덕천면,35.6284,126.82834,
South Korea,415144838,town,덕치면,35.4985,127.17224,
South Korea,415160526,town,도개면,36.30949,128.33947,
South Korea,415155451,town,도계읍,37.2362596,129.0450217,
South Korea,415159936,town,도고면,36.7573924,126.8895814,
South Korea,415146321,town,도곡면,35.00751,126.90941,
South Korea,415165695,town,도덕면,34.57659,127.18413,
South Korea,415146772,town,도산면,34.90601,128.35026,
South Korea,415158380,town,도산면,36.73688,128.84141,
South Korea,415157285,town,도안면,36.8265842,127.6127442,
South Korea,415164760,town,도암면,34.9209,126.88507,
South Korea,415165353,town,도암면,34.56687,126.72371,
South Korea,415165689,town,도양읍,34.53301,127.15006,
South Korea,415155029,town,도척면,37.3062,127.31809,
South Korea,414980095,town,도천면,35.41994,128.52729,
South Korea,415164998,town,도초면,34.68761,125.94956,
South Korea,415146012,town,도포면,34.84342,126.64028,
South Korea,415165971,town,도화면,34.49263,127.32637,
South Korea,415165068,town,돌산읍,34.63768,127.76201,
South Korea,415145994,town,동강면,34.93646,126.55527,
South Korea,415151628,town,동강면,34.79557,127.34635,
South Korea,415163987,town,동계면,35.45144,127.2511,
South Korea,415152465,town,동내면,37.8480047,127.7630572,
South Korea,415152911,city,동두천시,37.9030856,127.0605175,97071
South Korea,415156902,town,동량면,37.0024486,128.02885,
South Korea,415156775,town,동로면,36.75678,128.30656,
South Korea,414979619,town,동면,35.3231112,129.0614356,
South Korea,415146445,town,동면,35.0450724,127.0458543,
South Korea,415151999,town,동면,38.21907,128.04739,
South Korea,415152457,town,동면,37.9105314,127.7817745,
South Korea,415157591,town,동면,36.78353,127.36377,
South Korea,415162313,town,동명면,36.00378,128.5666,
South Korea,415146596,town,동복면,35.07469,127.14053,
South Korea,415146703,town,동부면,34.8060935,128.6185412,
South Korea,415152443,town,동산면,37.7529216,127.7960648,
South Korea,415149834,town,동상면,35.9333531,127.3020812,
South Korea,415152118,town,동송읍,38.24315,127.25125,
South Korea,414980185,town,동읍,35.30326,128.67395,
South Korea,415160995,town,동이면,36.2982764,127.6427668,
South Korea,415149772,town,동진면,35.75479,126.74326,
South Korea,415145517,town,동해면,35.02937,128.44206,
South Korea,415148244,town,동해면,35.99295,129.48454,
South Korea,415152982,city,동해시,37.5245142,129.1146302,92824
South Korea,415149561,town,동향면,35.83594,127.57488,
South Korea,415144182,town,동화면,35.26959,126.71925,
South Korea,415150573,town,두동면,35.6544161,129.2015568,
South Korea,415161985,town,두마면,36.2542683,127.2608089,
South Korea,415150553,town,두서면,35.6475922,129.1620859,
South Korea,415165374,town,두원면,34.66849,127.27183,
South Korea,415152426,town,두촌면,37.8665646,128.0287011,
South Korea,415153154,town,둔내면,37.51354,128.21736,
South Korea,415146656,town,둔덕면,34.8387053,128.507177,
South Korea,415158046,town,둔포면,36.9158923,127.0383651,
South Korea,415165702,town,득량면,34.75252,127.16651,
South Korea,415156302,town,마도면,37.19138,126.75899,
South Korea,415165996,town,마량면,34.47072,126.82785,
South Korea,415151562,town,마령면,35.74119,127.3671,
South Korea,415160817,town,마로면,36.4166079,127.8400289,
South Korea,415151197,town,마리면,35.70024,127.84848,
South Korea,415163146,town,마산면,36.1337349,126.7919087,
South Korea,415164387,town,마산면,35.2178721,127.4839169,
South Korea,415165272,town,마산면,34.61573,126.56873,
South Korea,5183038751,town,마서면,36.0466224,126.7049221,
South Korea,415158880,town,마성면,36.68322,128.11305,
South Korea,415145450,town,마암면,35.04729,128.33331,
South Korea,415156080,town,마장면,37.2497263,127.3634125,
South Korea,415163816,town,마천면,35.38754,127.67347,
South Korea,415149936,town,만경읍,35.8542347,126.8198843,
South Korea,415163359,town,망성면,36.118984,127.0361981,
South Korea,415144465,town,망운면,35.00549,126.36653,
South Korea,415162762,town,매곡면,36.1716482,127.9507562,
South Korea,4688106793,town,매송면,37.2554048,126.9086701,
South Korea,415150621,town,매전면,35.66297,128.8307,
South Korea,415155536,town,매포읍,37.0466958,128.2979531,
South Korea,415156512,town,매화면,36.88331,129.37193,
South Korea,415157339,town,맹동면,36.9227101,127.5566228,
South Korea,415157446,town,면천면,36.81415,126.66067,
South Korea,414977256,town,명석면,35.25517,128.02636,
South Korea,415156618,town,명호면,36.84587,128.88475,
South Korea,415156118,town,모가면,37.173051,127.4662734,
South Korea,415160921,town,모동면,36.3008676,127.9704879,
South Korea,415160926,town,모서면,36.3426702,127.9345479,
South Korea,415155384,town,모현읍,37.3297,127.21703,
South Korea,415161752,town,목면,36.4137059,126.9928985,
South Korea,415164331,town,목사동면,35.1111973,127.297442,
South Korea,415158150,town,목천읍,36.78433,127.21492,
South Korea,257370657,city,목포시,34.7903335,126.3847547,237739
South Korea,415145983,town,몽탄면,34.92307,126.50306,
South Korea,415166222,town,묘량면,35.24867,126.55542,
South Korea,415151091,town,묘산면,35.65825,128.116152,
South Korea,415154532,town,무릉도원면,37.33006,128.22477,
South Korea,414980180,town,무안면,35.48713,128.64456,
South Korea,415147738,town,무안읍,34.99148,126.47,
South Korea,415160748,town,무을면,36.2658,128.19186,
South Korea,415144054,town,무장면,35.41436,126.57091,
South Korea,415144754,town,무정면,35.28645,127.0423,
South Korea,5086050327,town,무주읍,36.0121049,127.6692373,
South Korea,415149487,town,무풍면,35.93276,127.84711,
South Korea,358015543,city,문경시,36.5858541,128.1870612,73294
South Korea,415156876,town,문경읍,36.7360605,128.1074482,
South Korea,415157046,town,문광면,36.7893952,127.7861713,
South Korea,415165113,town,문내면,34.6068,126.32155,
South Korea,415164951,town,문덕면,34.93521,127.18445,
South Korea,415154545,town,문막읍,37.3126434,127.8171631,
South Korea,415148203,town,문무대왕면,35.7915559,129.4416236,
South Korea,415157752,town,문백면,36.8019246,127.4576038,
South Korea,5182938022,town,문산면,36.1506222,126.7383637,
South Korea,415145666,town,문산읍,35.1614487,128.180766,
South Korea,4910051878,town,문산읍,37.8637399,126.7819766,
South Korea,415158486,town,문수면,36.74575,128.62194,
South Korea,415161057,town,문의면,36.4931677,127.5087027,
South Korea,415164396,town,문척면,35.1923736,127.4837237,
South Korea,415166165,town,문평면,35.0628,126.6237,
South Korea,414979545,town,물금읍,35.3102225,128.9865439,
South Korea,415156747,town,물야면,36.96638,128.72813,
South Korea,415164903,town,미력면,34.80346,127.10456,
South Korea,415154276,town,미로면,37.4171134,129.1127021,
South Korea,415152177,town,미산면,38.03415,126.97816,
South Korea,9689657018,town,미산면,36.2439271,126.6802167,
South Korea,415165259,town,미암면,34.70274,126.56681,
South Korea,415158106,town,미양면,36.97146,127.22164,
South Korea,415159222,town,미원면,36.6539098,127.6727402,
South Korea,415165007,town,미조면,34.7322,128.03822,
South Korea,414977317,town,미천면,35.30519,128.11268,
South Korea,415154384,town,미탄면,37.3283387,128.5235731,
South Korea,358015529,city,밀양시,35.503839,128.7466992,110395
South Korea,415146062,town,반남면,34.90942,126.65803,
South Korea,415161953,town,반포면,36.3945707,127.2400381,
South Korea,415154458,town,방림면,37.4446252,128.3325229,
South Korea,415152027,town,방산면,38.2239197,127.9497885,
South Korea,415157947,town,배방읍,36.76563,127.0662549,81661
South Korea,415157653,town,백곡면,36.8940725,127.3518671,
South Korea,415150150,town,백구면,35.8919281,126.9662082,
South Korea,4780378996,town,백령면,37.9486074,124.6798095,
South Korea,415155155,town,백사면,37.32444,127.48628,
South Korea,415147917,town,백산면,35.7002,126.79356,
South Korea,415149976,town,백산면,35.8276653,126.892953,
South Korea,415152864,town,백석읍,37.7948404,126.9855291,26330
South Korea,415143820,town,백수읍,35.2830584,126.4206094,4543
South Korea,415146581,town,백아면,35.16389,127.13141,
South Korea,415156045,town,백암면,37.1613883,127.3742911,
South Korea,415151592,town,백운면,35.6927855,127.3967642,
South Korea,415155649,town,백운면,37.1622071,128.0087651,
South Korea,415151320,town,백전면,35.55892,127.635,
South Korea,415152134,town,백학면,38.0246253,126.8987729,
South Korea,415151284,town,번암면,35.54517,127.53385,
South Korea,415162949,town,벌곡면,36.1935532,127.2876536,
South Korea,415151644,town,벌교읍,34.84372,127.33979,
South Korea,415150582,town,범서읍,35.5689084,129.2307849,
South Korea,415143861,town,법성면,35.35449,126.46815,
South Korea,415143709,town,법수면,35.32761,128.34861,
South Korea,415152778,town,법원읍,37.8656,126.89057,
South Korea,415156620,town,법전면,36.91267,128.90887,
South Korea,415149435,town,벽진면,35.96162,128.20959,
South Korea,415151362,town,변산면,35.64531,126.52328,
South Korea,415154151,town,별내면,37.7094209,127.1223847,
South Korea,415151757,town,별량면,34.86599,127.44284,
South Korea,415151330,town,병곡면,35.5483,127.68826,
South Korea,415158190,town,병곡면,36.59168,129.39236,
South Korea,415165508,town,병영면,34.7170282,126.817924,
South Korea,415157586,town,병천면,36.78274,127.31095,
South Korea,415156008,town,보개면,37.04525,127.30957,
South Korea,415166061,town,보길면,34.15257,126.55162,
South Korea,358015515,city,보령시,36.33401,126.613165,103620
South Korea,415158464,town,보문면,36.68165,128.54417,
South Korea,415164888,town,보성읍,34.7686929,127.07984,
South Korea,415151438,town,보안면,35.6216,126.67404,
South Korea,415161127,town,보은읍,36.4833355,127.7170924,
South Korea,415151581,town,보절면,35.51564,127.41616,
South Korea,415164920,town,복내면,34.89524,127.12738,
South Korea,415162978,town,복수면,36.1907705,127.3997225,
South Korea,415144666,town,복흥면,35.44264,126.93769,
South Korea,415164204,town,봉강면,35.02673,127.57056,
South Korea,415148095,town,봉남면,35.7535708,126.9624617,
South Korea,415156198,town,봉담읍,37.19482,126.94288,
South Korea,415150306,town,봉동읍,35.9508612,127.1440026,
South Korea,415165983,town,봉래면,34.45182,127.47947,
South Korea,415144685,town,봉산면,35.2756094,126.9539108,
South Korea,415151060,town,봉산면,35.60978,128.02975,
South Korea,415159423,town,봉산면,36.7493752,126.682198,
South Korea,415162624,town,봉산면,36.16055,128.03631,
South Korea,415156628,town,봉성면,36.9076,128.80851,
South Korea,415143634,town,봉수면,35.47685,128.26849,
South Korea,415160419,town,봉양면,36.30451,128.60664,
South Korea,415155638,town,봉양읍,37.1393151,128.1152489,
South Korea,415153084,town,봉평면,37.604699,128.3545194,
South Korea,415156663,town,봉현면,36.82692,128.49856,
South Korea,415156753,town,봉화읍,36.89007,128.71101,
South Korea,415164695,town,봉황면,34.9542842,126.7834069,
South Korea,415159540,town,부강면,36.5287437,127.3790174,
South Korea,415162327,town,부계면,36.07075,128.65745,
South Korea,414980147,town,부곡면,35.41664,128.61465,
South Korea,415149845,town,부귀면,35.83826,127.35953,
South Korea,415149558,town,부남면,35.9740053,127.5599504,
South Korea,415160225,town,부남면,36.30567,129.11523,
South Korea,415147927,town,부량면,35.7337509,126.8438232,
South Korea,415155761,town,부론면,37.2080828,127.7564733,
South Korea,415162792,town,부리면,36.0587048,127.5771094,
South Korea,415143689,town,부림면,35.4675059,128.3210916,
South Korea,415154681,town,부발읍,37.283401,127.4872796,
South Korea,415150787,town,부북면,35.5167,128.71867,
South Korea,358015143,city,부산광역시,35.1799528,129.0752365,3455611
South Korea,415165583,town,부산면,34.7301,126.90625,
South Korea,415156734,town,부석면,36.97283,128.65356,
South Korea,415159022,town,부석면,36.69167,126.39086,
South Korea,415151392,town,부안면,35.5241,126.65076,
South Korea,8091061445,town,부안읍,35.7264518,126.7322134,
South Korea,415161757,town,부여읍,36.2756729,126.9110693,
South Korea,415163434,town,부적면,36.2093582,127.1466336,
South Korea,1912558038,city,부천시,37.5014422,126.7660139,849361
South Korea,415149522,town,부항면,35.99535,127.94786,
South Korea,415154826,town,북내면,37.3279428,127.6808624,
South Korea,414980167,town,북면,35.32564,128.60748,
South Korea,415148044,town,북면,35.59665,126.90239,
South Korea,415151958,town,북면,38.1547,128.27409,
South Korea,415152511,town,북면,37.92665,127.51093,3525
South Korea,415154477,town,북면,37.2693874,128.4347244,
South Korea,415155400,town,북면,37.07961,129.33135,
South Korea,415157578,town,북면,36.82422,127.26891,
South Korea,5426033991,town,북면,37.5406201,130.8745304,
South Korea,415153187,town,북방면,37.7055582,127.8531815,
South Korea,415152472,town,북산면,37.9746643,127.9069283,
South Korea,415162424,town,북삼읍,36.05728,128.33647,
South Korea,415149469,town,북상면,35.79015,127.77793,
South Korea,415148248,town,북안면,35.9044022,129.0085262,
South Korea,415144555,town,북이면,35.42741,126.79852,
South Korea,415159180,town,북이면,36.7481555,127.5483265,
South Korea,415144553,town,북일면,35.38364,126.7833,
South Korea,415165856,town,북일면,34.45664,126.68164,
South Korea,415145888,town,북천면,35.11799,127.87226,
South Korea,415154404,town,북평면,37.4605156,128.652297,
South Korea,415165845,town,북평면,34.39596,126.6169,
South Korea,415144641,town,북하면,35.4080806,126.8793894,
South Korea,415158502,town,북후면,36.67367,128.6902,
South Korea,415166206,town,불갑면,35.21107,126.51253,
South Korea,415153268,town,불은면,37.67827,126.49272,
South Korea,415157098,town,불정면,36.894283,127.8219386,
South Korea,415146841,town,비금면,34.76407,125.94815,
South Korea,415156180,town,비봉면,37.23483,126.86962,
South Korea,415161717,town,비봉면,36.4996577,126.7810689,
South Korea,415163306,town,비봉면,36.0107466,127.1555291,
South Korea,415160396,town,비안면,36.33728,128.51219,
South Korea,5182860645,town,비인면,36.1468286,126.6172752,
South Korea,415159993,town,사곡면,36.5359891,127.0324459,
South Korea,415160330,town,사곡면,36.30177,128.78222,
South Korea,415145600,town,사남면,35.03381,128.09529,
South Korea,415152054,town,사내면,38.0703433,127.523347,
South Korea,415146670,town,사등면,34.9100343,128.5310194,
South Korea,415147460,town,사량면,34.83009,128.21199,
South Korea,415157402,town,사리면,36.8138267,127.671972,
South Korea,415164007,town,사매면,35.47833,127.35244,
South Korea,415160730,town,사벌국면,36.47989,128.22297,
South Korea,415145428,town,사봉면,35.19762,128.26991,
South Korea,415152058,town,사북면,38.0263872,127.6410776,
South Korea,415155474,town,사북읍,37.2398767,128.8267112,
South Korea,415152327,town,사천면,37.8236596,128.8492064,
South Korea,358015533,city,사천시,35.003468,128.064562,117500
South Korea,415145629,town,사천읍,35.08741,128.1029,
South Korea,415164909,town,사평면,35.00077,127.125,
South Korea,414979116,town,산내면,35.55193,127.05504,
South Korea,415148259,town,산내면,35.7567376,129.0444895,
South Korea,415150650,town,산내면,35.58976,128.9114,
South Korea,415163824,town,산내면,35.40046,127.61642,
South Korea,415164027,town,산동면,35.49311,127.47316,
South Korea,415164054,town,산동면,35.312747,127.4349471,
South Korea,415162536,town,산동읍,36.17195,128.4492,
South Korea,415155146,town,산북면,37.4016934,127.4432995,
South Korea,415158723,town,산북면,36.70013,128.26744,
South Korea,415151577,town,산서면,35.5801,127.40575,
South Korea,415162405,town,산성면,36.10165,128.71005,
South Korea,415155500,town,산솔면,37.17494,128.66453,
South Korea,415158718,town,산양면,36.62149,128.26083,
South Korea,415146780,town,산양읍,34.78237,128.38818,
South Korea,414979158,town,산외면,35.62585,127.05879,
South Korea,415150624,town,산외면,35.51832,128.81486,
South Korea,415159274,town,산외면,36.5672273,127.7367274,
South Korea,415165134,town,산이면,34.65532,126.43727,
South Korea,415143751,town,산인면,35.28113,128.44917,
South Korea,415155600,town,산척면,37.0865862,128.00523,
South Korea,415143947,town,산청읍,35.4135,127.90275,
South Korea,415146211,town,산포면,35.0284,126.80869,
South Korea,415157163,town,살미면,36.9115864,127.9931536,
South Korea,414977324,town,삼가면,35.41164,128.11343,
South Korea,415144128,town,삼계면,35.27899,126.66619,
South Korea,415151503,town,삼계면,35.50837,127.2729,
South Korea,415162235,town,삼국유사면,36.15227,128.82066,
South Korea,415146644,town,삼기면,35.212,127.23001,
South Korea,415163282,town,삼기면,36.0200398,126.9912718,
South Korea,415150527,town,삼남읍,35.5403336,129.1087437,
South Korea,415147387,town,삼동면,34.80464,128.02192,
South Korea,415150556,town,삼동면,35.5230593,129.1578837,
South Korea,414980017,town,삼랑진읍,35.42599,128.83679,
South Korea,415150222,town,삼례읍,35.9100955,127.0894622,
South Korea,415146746,town,삼산면,34.93965,128.27124,
South Korea,415153239,town,삼산면,37.70832,126.3038246,
South Korea,415165307,town,삼산면,34.52348,126.59435,
South Korea,415166230,town,삼서면,35.22843,126.65011,
South Korea,415156121,town,삼성면,37.0235591,127.4958277,
South Korea,415161133,town,삼승면,36.4198264,127.7341171,
South Korea,415143904,town,삼장면,35.33134,127.81981,
South Korea,415156037,town,삼죽면,37.06798,127.36764,
South Korea,415154216,city,삼척시,37.4498745,129.1652969,68807
South Korea,6612437351,town,삼천포,34.9355,128.0825,
South Korea,415147685,town,삼향읍,34.8228861,126.441727,
South Korea,415165137,town,삼호읍,34.74578,126.46944,
South Korea,415159457,town,삽교읍,36.687991,126.7393728,
South Korea,415150343,town,상관면,35.76232,127.22924,
South Korea,414979982,town,상남면,35.41964,128.76361,
South Korea,415152403,town,상남면,37.8872061,128.2690995,
South Korea,414980062,town,상동면,35.3079709,128.9304127,
South Korea,415150610,town,상동면,35.55821,128.78909,
South Korea,415155468,town,상동읍,37.1135669,128.8116432,
South Korea,415147457,town,상리면,34.99791,128.20399,
South Korea,415152610,town,상면,37.79378,127.33944,
South Korea,414979572,town,상북면,35.4194103,129.0641203,
South Korea,415150517,town,상북면,35.5911428,129.0891958,
South Korea,415151737,town,상사면,34.93472,127.4271,
South Korea,415151383,town,상서면,35.68366,126.66449,
South Korea,4920826532,town,상서면,38.1577757,127.6541351,
South Korea,415156573,town,상운면,36.83409,128.77272,
South Korea,415161837,town,상월면,36.2926189,127.1627823,
South Korea,415149870,town,상전면,35.85019,127.49544,
South Korea,415165073,town,상주면,34.73405,127.98354,
South Korea,358015507,city,상주시,36.4104478,128.1590614,100947
South Korea,415162708,town,상촌면,36.1076581,127.8949765,
South Korea,415143851,town,상하면,35.44301,126.48008,
South Korea,415155811,town,생극면,37.0399254,127.6204085,
South Korea,414980025,town,생림면,35.3278686,128.8490765,
South Korea,414977294,town,생비량면,35.35091,128.06161,
South Korea,415143900,town,생초면,35.49771,127.84378,
South Korea,5424418659,city,서귀포시,33.252845,126.5610278,155641
South Korea,415147524,town,서면,34.83953,127.84189,
South Korea,415148278,town,서면,35.8928393,129.0497616,
South Korea,415151853,town,서면,38.0715701,128.5865847,
South Korea,415152123,town,서면,38.2004225,127.4265198,
South Korea,415152503,town,서면,37.8992721,127.6938424,
South Korea,415153319,town,서면,37.67158,127.63637,
South Korea,415164415,town,서면,35.01847,127.49121,
South Korea,5182860635,town,서면,36.1563227,126.5558596,
South Korea,5426033992,town,서면,37.4676004,130.8382045,
South Korea,415159032,town,서부면,36.56301,126.49107,
South Korea,358015429,city,서산시,36.784499,126.450317,175769
South Korea,415144542,town,서삼면,35.34645,126.75241,
South Korea,415151335,town,서상면,35.69091,127.6815,
South Korea,414979516,town,서생면,35.3497649,129.3261458,
South Korea,415153144,town,서석면,37.7111732,128.2087595,
South Korea,415163074,town,서수면,35.9983524,126.8816645,
South Korea,415155962,town,서신면,37.1690451,126.7114352,
South Korea,4684645709,town,서운면,36.9428185,127.2553093,
South Korea,1912365631,city,서울특별시,37.5666791,126.9782914,9635445
South Korea,415154621,town,서원면,37.4902574,127.8529234,
South Korea,415153529,town,서종면,37.6054623,127.3493837,
South Korea,9625575373,town,서천읍,36.0777327,126.6897534,
South Korea,4685395175,town,서탄면,37.1088408,127.0277445,
South Korea,415145949,town,서포면,35.00978,127.9691,
South Korea,415151337,town,서하면,35.63224,127.72244,
South Korea,415146002,town,서호면,34.76688,126.57903,
South Korea,6032001709,town,서화면,38.2362249,128.2092027,
South Korea,415158441,town,서후면,36.62355,128.66014,
South Korea,415146641,town,석곡면,35.1328952,127.2543179,
South Korea,415155949,town,석문면,37.00826,126.53523,
South Korea,415158261,town,석보면,36.5578921,129.1246715,
South Korea,415163204,town,석성면,36.2362218,126.9977152,
South Korea,415162543,town,석적읍,36.04915,128.4297,
South Korea,415155435,town,석포면,37.04191,129.05038,
South Korea,415148984,town,선남면,35.89751,128.34962,
South Korea,415162510,town,선산읍,36.2405861,128.2985068,
South Korea,415153256,town,선원면,37.71664,126.48937,
South Korea,415157804,town,선장면,36.7945,126.86939,
South Korea,415155860,town,설성면,37.14012,127.52471,
South Korea,415153336,town,설악면,37.6575,127.5031,
South Korea,415147571,town,설천면,34.91925,127.90238,
South Korea,415149467,town,설천면,35.9771634,127.7848819,
South Korea,4683401449,town,성거읍,36.8780677,127.197568,
South Korea,415160095,town,성남면,36.73556,127.2358,
South Korea,257363469,city,성남시,37.4201556,127.1262092,967510
South Korea,415151479,town,성내면,35.53508,126.74536,
South Korea,415163263,town,성당면,36.0993229,126.9264678,
South Korea,415149892,town,성덕면,35.8204638,126.8054796,
South Korea,415163382,town,성동면,36.2037619,127.033264,
South Korea,415148980,town,성산면,35.75573,128.35928,
South Korea,415149919,town,성산면,36.0005392,126.7960856,
South Korea,415150674,town,성산면,35.62304,128.51008,
South Korea,415153013,town,성산면,37.7167435,128.8303759,
South Korea,415164667,town,성산읍,33.41805,126.88147,
South Korea,415144115,town,성송면,35.36604,126.63761,
South Korea,415151541,town,성수면,35.71361,127.32553,
South Korea,415151548,town,성수면,35.62456,127.34637,
South Korea,415157238,town,성연면,36.83493,126.46189,
South Korea,415165344,town,성전면,34.69864,126.71623,
South Korea,415161177,town,성주면,36.32633,126.6594,
South Korea,415148938,town,성주읍,35.92521,128.28033,
South Korea,4683401447,town,성환읍,36.9158842,127.1251269,
South Korea,415163216,town,세도면,36.18025,126.96071,
South Korea,415154699,town,세종대왕면,37.2990525,127.5729351,
South Korea,358896776,city,세종특별자치시,36.4799999,127.289,350854
South Korea,415146138,town,세지면,34.92966,126.73339,
South Korea,415147823,town,소라면,34.78314,127.60826,
South Korea,415160616,town,소보면,36.26235,128.48036,
South Korea,415147967,town,소성면,35.55723,126.77888,
South Korea,415157401,town,소수면,36.85057,127.72663,
South Korea,415166074,town,소안면,34.16203,126.64095,
South Korea,415149830,town,소양면,35.8573583,127.2487609,
South Korea,415157029,town,소원면,36.77259,126.17916,
South Korea,415157109,town,소이면,36.9103281,127.7551869,
South Korea,415160078,town,소정면,36.7222184,127.1582213,
South Korea,415156558,town,소천면,36.9020803,128.9971255,
South Korea,415154494,town,소초면,37.4176053,128.0036709,
South Korea,415155736,town,소태면,37.11776,127.859,
South Korea,415152890,town,소흘읍,37.8039536,127.149641,
South Korea,415158957,town,속리산면,36.5238281,127.8292906,
South Korea,415151931,city,속초시,38.2069574,128.5913424,79586
South Korea,415144480,town,손불면,35.14162,126.43936,
South Korea,415151879,town,손양면,38.0600243,128.6417773,
South Korea,415164974,town,송광면,34.99053,127.24576,
South Korea,415163931,town,송동면,35.35042,127.33757,
South Korea,415162101,town,송라면,36.23703,129.34927,
South Korea,415155952,town,송산면,37.2212381,126.7292103,
South Korea,415157506,town,송산면,36.9430325,126.6782302,
South Korea,415159960,town,송악면,36.7305737,127.0097967,
South Korea,415157537,town,송악읍,36.91614,126.73652,
South Korea,415165814,town,송지면,34.37663,126.52733,
South Korea,415155570,town,송학면,37.1999015,128.255838,
South Korea,4780356380,town,송해면,37.7759204,126.4623744,
South Korea,415145925,town,수곡면,35.20187,127.93004,
South Korea,415151192,town,수동면,35.56129,127.81201,
South Korea,415153549,town,수동면,37.7222169,127.3103805,
South Korea,5185031009,town,수동면,38.3806372,128.2977486,
South Korea,415149455,town,수륜면,35.82901,128.20663,
South Korea,415144663,town,수북면,35.29675,126.93123,
South Korea,415156566,town,수비면,36.7649718,129.2025895,
South Korea,415157003,town,수산면,36.9439358,128.2017948,
South Korea,415159679,town,수신면,36.72564,127.28376,
South Korea,415156888,town,수안보면,36.84782,128.01664,
South Korea,257764593,city,수원시,37.2633325,127.0287472,1203000
South Korea,415163923,town,수지면,35.33282,127.37085,
South Korea,415161087,town,수한면,36.4630289,127.67361,
South Korea,415157516,town,순성면,36.84231,126.70947,
South Korea,415144810,town,순창읍,35.37085,127.1378,
South Korea,358015319,city,순천시,34.9505457,127.4872992,281071
South Korea,415156707,town,순흥면,36.92666,128.56201,
South Korea,415164300,town,승주읍,35.0200339,127.3659726,
South Korea,415146025,town,시종면,34.87586,126.60076,
South Korea,415143907,town,시천면,35.26785,127.80039,
South Korea,415163172,town,시초면,36.1205053,126.756777,
South Korea,1912558057,city,시흥시,37.3798891,126.8032255,398389
South Korea,415144517,town,신광면,35.15966,126.48592,
South Korea,415162082,town,신광면,36.13985,129.26106,
South Korea,415154205,town,신기면,37.3476711,129.084006,
South Korea,415162192,town,신녕면,36.0529,128.77243,
South Korea,415157388,town,신니면,36.996852,127.712221,
South Korea,414979322,town,신덕면,35.69389,127.18215,
South Korea,415161981,town,신도안면,36.3105869,127.2335476,
South Korea,415152561,town,신동면,37.8167794,127.7149105,
South Korea,415155511,town,신동읍,37.23633,128.64172,
South Korea,415155055,town,신둔면,37.31053,127.40729,
South Korea,414977282,town,신등면,35.40243,128.00903,
South Korea,415144173,town,신림면,35.47861,126.71807,
South Korea,415155656,town,신림면,37.2295583,128.0834661,
South Korea,415146119,town,신북면,34.89384,126.68979,
South Korea,415152940,town,신북면,37.9456,127.17838,
South Korea,415152521,town,신북읍,37.9253743,127.7463766,
South Korea,415152221,town,신서면,38.195562,127.102295,
South Korea,415143977,town,신안면,35.33892,127.98538,
South Korea,415159930,town,신암면,36.74287,126.80759,
South Korea,415159846,town,신양면,36.60353,126.87385,
South Korea,415151243,town,신원면,35.56603,127.92826,
South Korea,415165040,town,신의면,34.57706,126.09095,
South Korea,415165963,town,신전면,34.494,126.71824,
South Korea,415166002,town,신지면,34.33436,126.84281,
South Korea,415157875,town,신창면,36.79087,126.93411,
South Korea,415147960,town,신태인읍,35.69986,126.87207,
South Korea,414979441,town,신평면,35.64896,127.23439,
South Korea,415157836,town,신평면,36.8851949,126.7733008,
South Korea,415160448,town,신평면,36.4692,128.51913,
South Korea,415159987,town,신풍면,36.5070333,126.9455613,
South Korea,415151368,town,심원면,35.51498,126.54444,
South Korea,415162865,town,심천면,36.2163858,127.7102939,
South Korea,415151146,town,쌍림면,35.6833957,128.2285737,
South Korea,414977276,town,쌍백면,35.45473,128.15483,
South Korea,415150851,town,쌍책면,35.60092,128.27357,
South Korea,415144722,town,쌍치면,35.5023375,126.9866397,
South Korea,415144088,town,아산면,35.45065,126.62207,
South Korea,415157893,city,아산시,36.7899498,127.0026769,324580
South Korea,415151314,town,아영면,35.50788,127.59464,
South Korea,415162669,town,아포읍,36.16146,128.24336,
South Korea,415164269,town,악양면,35.1622266,127.7094199,
South Korea,415148409,town,안강읍,35.9910535,129.2205418,
South Korea,415160589,town,안계면,36.39097,128.46185,
South Korea,415161147,town,안남면,36.3550568,127.6788105,
South Korea,415161001,town,안내면,36.4022709,127.6518718,
South Korea,415160380,town,안덕면,36.30767,128.97955,
South Korea,415164470,town,안덕면,33.27688,126.34925,
South Korea,257370655,city,안동시,36.5634886,128.7260798,166274
South Korea,415159009,town,안면읍,36.5227212,126.3586111,
South Korea,415160597,town,안사면,36.45635,128.45431,
South Korea,257372341,city,안산시,37.3217152,126.8308604,677710
South Korea,415149737,town,안성면,35.85238,127.67152,
South Korea,358015396,city,안성시,37.007773,127.279971,181319
South Korea,415165641,town,안양면,34.65146,126.99224,
South Korea,1912558035,city,안양시,37.3938528,126.9570605,587764
South Korea,415151184,town,안의면,35.64186,127.81754,
South Korea,415156714,town,안정면,36.8475,128.55885,
South Korea,415165023,town,안좌면,34.7359449,126.1346267,
South Korea,415157856,town,안중읍,36.9871501,126.9271689,42253
South Korea,415149554,town,안천면,35.8978476,127.5485814,
South Korea,415160423,town,안평면,36.3785,128.5892,
South Korea,415154487,town,안흥면,37.4289661,128.1627701,
South Korea,415147489,town,암태면,34.84543,126.11177,
South Korea,415148456,town,압량읍,35.84206,128.78262,
South Korea,415147608,town,압해읍,34.87468,126.3068411,
South Korea,415155756,town,앙성면,37.12518,127.7582663,
South Korea,415164576,town,애월읍,33.45079,126.3752,
South Korea,415151028,town,야로면,35.71453,128.16886,
South Korea,415162427,town,약목면,36.03067,128.37033,
South Korea,415156246,town,양감면,37.08898,126.96273,
South Korea,415162726,town,양강면,36.1298458,127.7549875,
South Korea,415152037,town,양구읍,38.1079916,127.9904953,
South Korea,415150497,town,양남면,35.6750625,129.4625206,
South Korea,415153276,town,양도면,37.66768,126.42845,
South Korea,415154801,town,양동면,37.4199026,127.7535308,
South Korea,415145854,town,양보면,35.06621,127.84883,
South Korea,4780356431,town,양사면,37.8026812,126.4060337,
South Korea,415162816,town,양산면,36.1439924,127.6422562,
South Korea,358015368,city,양산시,35.3349979,129.0370582,335474
South Korea,415153521,town,양서면,37.5433928,127.3231712,
South Korea,415156496,town,양성면,37.07156,127.21486,
South Korea,415151887,town,양양읍,38.0805652,128.6240684,
South Korea,415152872,city,양주시,37.7849312,127.0457771,272378
South Korea,415156074,town,양지읍,37.24455,127.29056,
South Korea,415163466,town,양촌면,36.1419772,127.234595,
South Korea,4754104136,town,양촌읍,37.6570591,126.6254451,
South Korea,415154779,town,양평읍,37.4913502,127.488585,
South Korea,415163095,town,양화면,36.12081,126.85665,
South Korea,415162643,town,어모면,36.19534,128.1067,
South Korea,415155550,town,어상천면,37.0974827,128.3515485,
South Korea,415150542,town,언양읍,35.5695081,129.125164,
South Korea,415166116,town,엄다면,35.01536,126.51336,
South Korea,5010831107,town,엄사면,36.2811419,127.2257159,
South Korea,415155743,town,엄정면,37.1122643,127.9196189,
South Korea,415154409,town,여량면,37.47891,128.73843,
South Korea,415163313,town,여산면,36.0475896,127.0908811,
South Korea,358015308,city,여수시,34.7546257,127.659859,288988
South Korea,415154705,city,여주시,37.2982901,127.637033,115504
South Korea,415145504,town,여항면,35.19485,128.44247,
South Korea,415152364,town,연곡면,37.860055,128.8369161,
South Korea,415159535,town,연기면,36.5427786,127.2773413,2831
South Korea,415159532,town,연동면,36.5594615,127.3273867,3949
South Korea,415163317,town,연무읍,36.116767,127.0971567,
South Korea,415163451,town,연산면,36.231227,127.1994063,
South Korea,415159522,town,연서면,36.581283,127.2457914,7800
South Korea,415148161,town,연일읍,35.99816,129.32687,
South Korea,415152197,town,연천읍,38.1039198,127.0756497,
South Korea,415146711,town,연초면,34.9233156,128.6510474,
South Korea,4780378991,town,연평면,37.6687698,125.6946955,
South Korea,415157177,town,연풍면,36.7692867,127.994537,
South Korea,415144475,town,염산면,35.22182,126.36089,
South Korea,415157897,town,염치읍,36.82003,126.98627,
South Korea,415143991,town,영광읍,35.2764376,126.5100626,21737
South Korea,415153214,town,영귀미면,37.6776944,127.9391558,
South Korea,415165457,town,영남면,34.59951,127.46066,
South Korea,415160210,town,영덕읍,36.42963,129.39175,
South Korea,415162716,town,영동읍,36.1710097,127.7757737,
South Korea,415152099,town,영북면,38.07696,127.27462,
South Korea,414980096,town,영산면,35.44694,128.52308,
South Korea,415158623,town,영순면,36.5705,128.25419,
South Korea,415146109,town,영암읍,34.79441,126.71277,
South Korea,415158274,town,영양읍,36.6658293,129.1143677,
South Korea,415145755,town,영오면,35.10366,128.23158,
South Korea,415147901,town,영원면,35.64986,126.76751,
South Korea,415155582,town,영월읍,37.1872797,128.465992,
South Korea,415157861,town,영인면,36.88084,126.9578,
South Korea,358015526,city,영주시,36.805685,128.624054,109908
South Korea,415152243,town,영중면,38.0061106,127.2444728,
South Korea,415148619,city,영천시,35.98842,128.942,100255
South Korea,415155595,town,영춘면,37.08343,128.47111,
South Korea,415158188,town,영해면,36.53718,129.38777,
South Korea,415145716,town,영현면,35.04868,128.21809,
South Korea,4689764161,town,영흥면,37.2532931,126.4642048,
South Korea,415159943,town,예산읍,36.6786101,126.8462899,
South Korea,415158352,town,예안면,36.67522,128.90332,
South Korea,415158787,town,예천읍,36.6547,128.4521,
South Korea,415159910,town,오가면,36.69305,126.78768,
South Korea,415164357,town,오곡면,35.2699219,127.3152789,
South Korea,415154161,town,오남읍,37.6938801,127.2230356,
South Korea,415143930,town,오부면,35.48938,127.89185,
South Korea,415146598,town,오산면,35.23403,127.12158,
South Korea,415150013,town,오산면,35.937262,126.8986363,
South Korea,311886695,city,오산시,37.1499376,127.0774625,193892
South Korea,4685395169,town,오성면,37.0102258,126.9842484,
South Korea,415159642,town,오송읍,36.62874,127.32436,
South Korea,415151534,town,오수면,35.5348,127.32131,
South Korea,415159708,town,오창읍,36.7314494,127.4354605,60882
South Korea,415160938,town,오천면,36.4371305,126.5233283,
South Korea,415148196,town,오천읍,35.93673,129.40736,
South Korea,415152999,town,옥계면,37.6107756,129.0370309,
South Korea,415147851,town,옥곡면,34.99401,127.67912,
South Korea,415144827,town,옥과면,35.28839,127.14064,
South Korea,415149761,town,옥구읍,35.9232787,126.6855171,
South Korea,415164210,town,옥룡면,35.02819,127.61481,
South Korea,415149825,town,옥산면,35.9418228,126.7481306,
South Korea,415159694,town,옥산면,36.686401,127.3618318,
South Korea,415160352,town,옥산면,36.3664,128.82795,
South Korea,5313955925,town,옥산면,36.1928757,126.7301702,
South Korea,415149754,town,옥서면,35.9248346,126.6449864,
South Korea,415160505,town,옥성면,36.3050477,128.2559329,
South Korea,415145872,town,옥종면,35.19118,127.86919,
South Korea,415151726,town,옥천동,34.95201,127.48104,
South Korea,415165316,town,옥천면,34.57337,126.65949,
South Korea,4920826560,town,옥천면,37.5179878,127.4560689,
South Korea,415160975,town,옥천읍,36.3070087,127.5747772,
South Korea,415149313,town,옥포읍,35.7872116,128.4612293,
South Korea,414979533,town,온산읍,35.4345723,129.3143199,
South Korea,414979490,town,온양읍,35.4188802,129.2807434,
South Korea,415158226,town,온정면,36.7169302,129.3450692,
South Korea,415164716,town,옴천면,34.75428,126.78849,
South Korea,415148084,town,옹동면,35.65033,126.97969,
South Korea,415158360,town,와룡면,36.62979,128.785,
South Korea,415154189,town,와부읍,37.5946765,127.2374641,
South Korea,415148491,town,와촌면,35.95022,128.81517,
South Korea,415165871,town,완도읍,34.32564,126.71522,
South Korea,415146083,town,왕곡면,34.96094,126.67459,
South Korea,415150234,town,왕궁면,35.9745845,127.0840967,
South Korea,415153008,town,왕산면,37.6716884,128.8381347,
South Korea,415152149,town,왕징면,38.0958056,126.9337624,
South Korea,415149271,town,왜관읍,35.9752,128.42343,
South Korea,415160664,town,외남면,36.35949,128.08639,
South Korea,415150359,town,외동읍,35.7123241,129.3248572,
South Korea,415161358,town,외산면,36.32381,126.72037,
South Korea,415151690,town,외서면,34.91624,127.27339,
South Korea,415160698,town,외서면,36.48203,128.09477,
South Korea,2859296307,town,욕지면,34.6370198,128.2647592,
South Korea,415158708,town,용궁면,36.60778,128.29948,
South Korea,415146822,town,용남면,34.89348,128.45669,
South Korea,415149866,town,용담면,35.9476879,127.4884677,
South Korea,415143668,town,용덕면,35.35194,128.28155,
South Korea,415163260,town,용동면,36.1056188,126.997189,
South Korea,415144702,town,용면,35.38943,126.99504,
South Korea,415153313,town,용문면,37.4841684,127.5931301,
South Korea,415158746,town,용문면,36.69854,128.39906,
South Korea,415164395,town,용방면,35.2581235,127.4247805,
South Korea,415160785,town,용산면,36.2628958,127.8032091,
South Korea,415165609,town,용산면,34.61489,126.9337,
South Korea,415148592,town,용성면,35.79075,128.89093,
South Korea,415163268,town,용안면,36.1233119,126.9542107,
South Korea,415148951,town,용암면,35.84581,128.3182,
South Korea,415156460,city,용인시,37.2405741,127.1785572,1004081
South Korea,415151070,town,용주면,35.54103,128.10043,
South Korea,415150140,town,용지면,35.8537317,126.9558529,
South Korea,415150319,town,용진읍,35.8986662,127.1773403,
South Korea,415153099,town,용평면,37.613452,128.4432262,
South Korea,415145595,town,용현면,35.02061,128.0626,
South Korea,415162694,town,용화면,36.0441985,127.776143,
South Korea,415157797,town,우강면,36.8226423,126.7975903,
South Korea,415150886,town,우곡면,35.65746,128.34814,
South Korea,415162335,town,우보면,36.17373,128.66258,
South Korea,415161902,town,우성면,36.4695832,127.0506238,
South Korea,415156173,town,우정읍,37.0893354,126.8164031,
South Korea,415154504,town,우천면,37.47065,128.07702,
South Korea,415159829,town,운곡면,36.5308124,126.8541573,
South Korea,415147612,town,운남면,34.95195,126.34027,
South Korea,415150669,town,운문면,35.74829,128.96022,
South Korea,415163837,town,운봉읍,35.437098,127.5328914,
South Korea,4704913333,town,운산면,36.8060453,126.5819468,
South Korea,415148958,town,운수면,35.77419,128.30108,
South Korea,414979335,town,운암면,35.61409,127.14761,
South Korea,415162908,town,운주면,36.077753,127.3122949,
South Korea,5426033990,town,울릉읍,37.484506,130.90402,
South Korea,6612437350,city,울산광역시,35.5391697,129.3119136,1166000
South Korea,415155418,town,울진읍,37.00609,129.37109,
South Korea,6780185746,town,웅상,35.394933,129.1553566,
South Korea,415149507,town,웅양면,35.8059115,127.918964,
South Korea,9689657019,town,웅천읍,36.2339583,126.5998792,
South Korea,414979937,town,웅촌면,35.4615215,129.2079772,
South Korea,415165667,town,웅치면,34.70785,127.02472,
South Korea,415163130,town,웅포면,36.0966167,126.8907559,
South Korea,415156350,town,원곡면,37.0498578,127.1376566,
South Korea,415157316,town,원남면,36.88329,127.650377,
South Korea,4920826558,town,원남면,38.2841974,127.6572807,
South Korea,415155431,town,원덕읍,37.1757509,129.3352437,
South Korea,414980072,town,원동면,35.3644771,128.9193011,
South Korea,4920826559,town,원동면,38.3057741,127.7537812,
South Korea,415157038,town,원북면,36.8263,126.23819,
South Korea,415156054,town,원삼면,37.16838,127.31215,
South Korea,415154551,city,원주시,37.3420996,127.9197603,340196
South Korea,415153435,town,월곶면,37.718175,126.5500645,
South Korea,415164309,town,월등면,35.08535,127.38495,
South Korea,415152755,town,월롱면,37.79784,126.79092,
South Korea,415144659,town,월산면,35.35621,126.94226,
South Korea,415166220,town,월야면,35.19249,126.62715,
South Korea,415148967,town,월항면,35.97119,128.3058,
South Korea,7657681109,town,위도면,35.6064846,126.253046,
South Korea,415151196,town,위천면,35.75086,127.83267,
South Korea,415150994,town,유가읍,35.6940422,128.4597255,
South Korea,415143678,town,유곡면,35.42041,128.29521,
South Korea,415159981,town,유구읍,36.585274,126.9688919,
South Korea,415144852,town,유등면,35.37044,127.18512,
South Korea,415143893,town,유림면,35.48335,127.78608,
South Korea,415150938,town,유어면,35.51425,128.41769,
South Korea,415158688,town,유천면,36.65005,128.36636,
South Korea,415164740,town,유치면,34.7922,126.8575,
South Korea,415151126,town,율곡면,35.59341,128.21066,
South Korea,415155795,town,율면,37.0937144,127.5482665,582
South Korea,415164944,town,율어면,34.86818,127.20114,
South Korea,415147796,town,율촌면,34.84934,127.57213,
South Korea,415161599,town,은산면,36.32541,126.82736,
South Korea,415163343,town,은진면,36.1647875,127.1104029,
South Korea,415158815,town,은척면,36.54553,128.0614,
South Korea,415158773,town,은풍면,36.74478,128.44401,
South Korea,415159311,town,은하면,36.52967,126.58802,
South Korea,415152916,town,은현면,37.8749598,127.0245042,
South Korea,415158048,town,음봉면,36.85954,127.04955,
South Korea,415157378,town,음성읍,36.9306754,127.6796887,
South Korea,415157422,town,음암면,36.79315,126.51416,
South Korea,415159894,town,응봉면,36.64713,126.77669,
South Korea,415160014,town,의당면,36.5538314,127.1558893,
South Korea,415143650,town,의령읍,35.30761,128.26817,
South Korea,415160481,town,의성읍,36.34389,128.70155,
South Korea,415165784,town,의신면,34.41918,126.29235,
South Korea,358015422,city,의왕시,37.3449082,126.9689861,156763
South Korea,358015268,city,의정부시,37.7380747,127.0339665,463077
South Korea,415162393,town,의흥면,36.16864,128.73582,
South Korea,415147588,town,이동면,34.79501,127.9433,
South Korea,415152102,town,이동면,38.0387563,127.3658983,
South Korea,415156490,town,이동읍,37.141088,127.1958565,
South Korea,415145454,town,이반성면,35.16331,128.33096,
South Korea,415150920,town,이방면,35.56847,128.38127,
South Korea,415164025,town,이백면,35.42949,127.45169,
South Korea,415156764,town,이산면,36.81682,128.68757,
South Korea,415146554,town,이서면,35.1101622,127.0787419,
South Korea,415150205,town,이서면,35.8204645,127.0223254,
South Korea,415150810,town,이서면,35.68162,128.66447,
South Korea,415158832,town,이안면,36.56449,128.13116,
South Korea,415164853,town,이양면,34.89037,127.02655,
South Korea,415157215,town,이원면,36.88365,126.28795,
South Korea,415162853,town,이원면,36.2316279,127.6275243,
South Korea,415157758,town,이월면,36.9195897,127.4400226,
South Korea,415161879,town,이인면,36.3731316,127.071456,
South Korea,358015415,city,이천시,37.2808823,127.4429132,213059
South Korea,415147947,town,이평면,35.66819,126.831,
South Korea,358015292,city,익산시,35.9479291,126.9578025,307000
South Korea,415144861,town,인계면,35.42061,127.16134,
South Korea,415163861,town,인월면,35.47099,127.61624,
South Korea,415152007,town,인제읍,38.070295,128.1723584,
South Korea,415157784,town,인주면,36.8637,126.89235,
South Korea,415159062,town,인지면,36.7527,126.4176,
South Korea,1831812850,city,인천광역시,37.456,126.7052,2953883
South Korea,414979969,town,일광읍,35.2640093,129.2323721,
South Korea,415152729,town,일동면,37.9599732,127.3215602,
South Korea,415145962,town,일로읍,34.84438,126.50577,
South Korea,415145424,town,일반성면,35.1612,128.28523,
South Korea,415146727,town,일운면,34.8213979,128.6942233,
South Korea,415158299,town,일월면,36.7022106,129.1287045,
South Korea,415156130,town,일죽면,37.09139,127.47091,
South Korea,415160462,town,일직면,36.46495,128.64593,
South Korea,415154367,town,임계면,37.4719742,128.8680971,
South Korea,415162112,town,임고면,36.03578,129.00646,
South Korea,4920826549,town,임남면,38.2961494,127.848471,
South Korea,415158401,town,임동면,36.57282,128.93591,
South Korea,415151516,town,임실읍,35.6078976,127.2828102,
South Korea,415145770,town,임자면,35.09211,126.0897,3300
South Korea,415163141,town,임천면,36.17341,126.88718,
South Korea,415150001,town,임피면,35.9688079,126.8602629,
South Korea,415158337,town,임하면,36.51276,128.84811,
South Korea,415165753,town,임회면,34.4042971,126.207112,
South Korea,415144885,town,입면,35.29667,127.20662,
South Korea,415147969,town,입암면,35.50715,126.79768,
South Korea,415158284,town,입암면,36.5932256,129.0902524,
South Korea,4683401448,town,입장면,36.907842,127.2231241,
South Korea,415162145,town,자양면,36.09354,129.04611,
South Korea,415147471,town,자은면,34.88865,126.04855,
South Korea,415148521,town,자인면,35.82159,128.82356,
South Korea,415165495,town,작천면,34.70673,126.7770585,
South Korea,415151310,town,장계면,35.73123,127.60322,
South Korea,415159430,town,장곡면,36.5037241,126.6967876,
South Korea,415161945,town,장군면,36.5014482,127.2092067,5419
South Korea,415148232,town,장기면,35.90656,129.4929,
South Korea,415152815,town,장남면,37.99104,126.84696,
South Korea,415165656,town,장동면,34.74699,126.98217,
South Korea,415143784,town,장마면,35.46516,128.46888,
South Korea,415146732,town,장목면,34.9615592,128.6968552,
South Korea,415144587,town,장성읍,35.33415,126.81244,
South Korea,415156670,town,장수면,36.77645,128.5682,
South Korea,415151276,town,장수읍,35.62911,127.51364,
South Korea,415156155,town,장안면,37.07875,126.83484,
South Korea,415160841,town,장안면,36.4765031,127.7982509,
South Korea,414979473,town,장안읍,35.3136557,129.2442243,
South Korea,415163201,town,장암면,36.22883,126.90561,
South Korea,415157170,town,장연면,36.8353478,127.9545099,
South Korea,415145106,town,장유,35.209074,128.798134,
South Korea,415162353,town,장천면,36.14122,128.51315,
South Korea,415161669,town,장평면,36.363516,126.8918425,
South Korea,415164818,town,장평면,34.80209,126.96756,
South Korea,4754862069,town,장항읍,36.0240164,126.6915659,
South Korea,415155827,town,장호원읍,37.13181,127.59698,
South Korea,415153733,town,장흥면,37.7177729,126.94124,
South Korea,415165603,town,장흥읍,34.6791016,126.9031578,
South Korea,415156653,town,재산면,36.81658,128.9835,
South Korea,415145802,town,적량면,35.09659,127.76965,
South Korea,415149733,town,적상면,35.93518,127.6671,
South Korea,415144901,town,적성면,35.41778,127.20563,
South Korea,415152825,town,적성면,37.96615,126.9245393,
South Korea,415156823,town,적성면,36.994977,128.27209,
South Korea,415150857,town,적중면,35.53959,128.28323,
South Korea,415152927,town,전곡읍,37.9950067,127.0374364,
South Korea,415159664,town,전동면,36.6561705,127.2440905,
South Korea,415160103,town,전의면,36.6814123,127.1957059,
South Korea,358015235,city,전주시,35.8237631,127.1472805,653387
South Korea,415160354,town,점곡면,36.40616,128.7631,
South Korea,415155897,town,점동면,37.2064694,127.6623799,
South Korea,415165449,town,점암면,34.64667,127.39564,
South Korea,415143700,town,정곡면,35.37593,128.34086,
South Korea,414979664,town,정관읍,35.3252645,129.1805235,
South Korea,415156213,town,정남면,37.1603631,126.9713854,
South Korea,415145654,town,정동면,35.05664,128.12567,
South Korea,415157480,town,정미면,36.85909,126.56302,
South Korea,415161781,town,정산면,36.4190556,126.9429941,
South Korea,415154395,town,정선읍,37.3796216,128.6618047,
South Korea,415160027,town,정안면,36.5964474,127.1025991,
South Korea,415148030,town,정우면,35.64546,126.88372,
South Korea,358015496,city,정읍시,35.5697678,126.8559787,110194
South Korea,415149868,town,정천면,35.89104,127.4552,
South Korea,415145618,town,정촌면,35.12398,128.11082,
South Korea,415162823,town,제원면,36.1310573,127.5528183,
South Korea,358015303,city,제주시,33.4998289,126.5313902,469279
South Korea,415155618,city,제천시,37.1326042,128.1913508,136432
South Korea,415165727,town,조도면,34.30912,126.00724,
South Korea,415153717,town,조리읍,37.7532481,126.8140871,
South Korea,415162570,town,조마면,36.02361,128.11546,
South Korea,415164963,town,조성면,34.80438,127.23902,
South Korea,415153508,town,조안면,37.56882,127.29771,
South Korea,415152620,town,조종면,37.848577,127.3625446,
South Korea,415164631,town,조천읍,33.50888,126.66305,
South Korea,415159650,town,조치원읍,36.601795,127.2944592,
South Korea,5182860657,town,종천면,36.1076414,126.6592277,
South Korea,415161221,town,주교면,36.38281,126.54718,
South Korea,415157128,town,주덕읍,36.9872631,127.7818635,
South Korea,415152346,town,주문진읍,37.8953624,128.831436,
South Korea,415151425,town,주산면,35.66113,126.71043,
South Korea,2407539758,town,주산면,36.1984435,126.6330572,
South Korea,415149503,town,주상면,35.7490915,127.9133782,
South Korea,415163971,town,주생면,35.38608,127.31481,
South Korea,415164287,town,주암면,35.07374,127.25237,
South Korea,415160277,town,주왕산면,36.35668,129.15057,
South Korea,415149876,town,주천면,35.9705578,127.4025472,
South Korea,415154424,town,주천면,37.2681493,128.2678142,
South Korea,415164040,town,주천면,35.38587,127.44624,
South Korea,415145110,town,주촌면,35.2323414,128.8414118,
South Korea,415161216,town,주포면,36.4098965,126.5767878,
South Korea,415164325,town,죽곡면,35.1594,127.32878,
South Korea,415155412,town,죽변면,37.05296,129.4051,
South Korea,415149895,town,죽산면,35.7721872,126.8138778,
South Korea,415156028,town,죽산면,37.0677159,127.418343,
South Korea,415151789,town,죽왕면,38.32875,128.50169,
South Korea,415162156,town,죽장면,36.19298,129.1098,
South Korea,415151459,town,줄포면,35.59128,126.69577,
South Korea,415160560,town,중동면,36.42828,128.28793,
South Korea,415152163,town,중면,38.1588167,127.0174264,
South Korea,415155718,town,중앙탑면,37.0319399,127.8531312,
South Korea,415149329,town,증산면,35.89104,128.03355,
South Korea,415159193,town,증평읍,36.7850497,127.5812194,
South Korea,415151166,town,지곡면,35.57431,127.76516,
South Korea,415157213,town,지곡면,36.87269,126.42258,
South Korea,415145784,town,지도읍,35.06688,126.20482,
South Korea,415149343,town,지례면,35.9677682,128.0487322,
South Korea,415158649,town,지보면,36.55224,128.39561,
South Korea,415151551,town,지사면,35.57873,127.35547,
South Korea,415165744,town,지산면,34.44664,126.15744,
South Korea,415145406,town,지수면,35.23253,128.26095,
South Korea,415143730,town,지정면,35.38917,128.38955,
South Korea,415154556,town,지정면,37.3654993,127.8383792,3028
South Korea,415149304,town,지천면,35.95653,128.48785,
South Korea,415154794,town,지평면,37.4750814,127.6368077,
South Korea,415160179,town,지품면,36.45856,129.25209,
South Korea,4683401446,town,직산읍,36.878102,127.1489664,
South Korea,415154169,town,진건읍,37.657532,127.1788606,
South Korea,415145900,town,진교면,35.03033,127.89305,
South Korea,415165770,town,진도읍,34.4826255,126.2649899,
South Korea,415145202,town,진동면,35.12346,128.50053,
South Korea,415148531,town,진량읍,35.87092,128.83302,
South Korea,415145088,town,진례면,35.2490495,128.7480134,
South Korea,415158254,town,진보면,36.52935,129.05015,
South Korea,415149885,town,진봉면,35.85891,126.7662983,
South Korea,415153066,town,진부면,37.6230237,128.5555834,
South Korea,415145524,town,진북면,35.14344,128.4644,
South Korea,415162924,town,진산면,36.1442607,127.3703869,
South Korea,415164280,town,진상면,35.03297,127.70564,
South Korea,415151375,town,진서면,35.60394,126.57585,
South Korea,415145733,town,진성면,35.1765,128.22909,
South Korea,415149858,town,진안읍,35.77698,127.44458,
South Korea,415143629,town,진영읍,35.3043216,128.7331206,
South Korea,415144607,town,진원면,35.26605,126.83986,
South Korea,415147509,town,진월면,35.0009,127.75334,
South Korea,415156419,town,진위면,37.10887,127.08407,
South Korea,415145507,town,진전면,35.12052,128.41159,
South Korea,415154160,town,진접읍,37.7228358,127.1976354,
South Korea,358015281,city,진주시,35.1803459,128.1079953,340548
South Korea,415157749,town,진천읍,36.8548027,127.4414303,
South Korea,415145763,town,집현면,35.25114,128.09239,
South Korea,415143968,town,차황면,35.46974,127.94176,
South Korea,415151014,town,창녕읍,35.52993,128.49609,
South Korea,415147396,town,창선면,34.86616,128.00891,
South Korea,415152246,town,창수면,38.02025,127.17557,
South Korea,415158201,town,창수면,36.60483,129.29989,
South Korea,257370659,city,창원시,35.227956,128.6818586,1055839
South Korea,415146422,town,창평면,35.23933,127.00749,
South Korea,415163344,town,채운면,36.160825,127.0551267,
South Korea,415148125,town,천북면,35.90375,129.27133,
South Korea,415161243,town,천북면,36.478599,126.5272157,
South Korea,415158162,city,천안시,36.8150283,127.1140654,658486
South Korea,415151271,town,천천면,35.72835,127.5237,
South Korea,414979652,town,철마면,35.274893,129.1498166,
South Korea,4913272895,town,철원읍,38.2114735,127.2164323,
South Korea,415147722,town,청계면,34.93204,126.42753,
South Korea,415158293,town,청기면,36.6610777,129.0621377,
South Korea,415161774,town,청남면,36.348276,126.9466013,
South Korea,415150868,town,청덕면,35.56632,128.32922,
South Korea,415150721,town,청도면,35.55457,128.62907,
South Korea,415150596,town,청도읍,35.6447923,128.741399,
South Korea,415161198,town,청라면,36.4042,126.66333,
South Korea,414979488,town,청량읍,35.4930662,129.3061005,
South Korea,415160649,town,청리면,36.33644,128.12762,
South Korea,415156240,town,청북읍,37.0392736,126.9330358,
South Korea,415152187,town,청산면,38.01482,127.10581,
South Korea,415160777,town,청산면,36.338493,127.8152709,
South Korea,415166093,town,청산면,34.18885,126.86637,
South Korea,415161145,town,청성면,36.3246398,127.7346042,
South Korea,415161240,town,청소면,36.4501,126.60188,
South Korea,415160282,town,청송읍,36.41994,129.09199,
South Korea,415157274,town,청안면,36.7583215,127.6669493,
South Korea,415145795,town,청암면,35.1802,127.76791,
South Korea,415161704,town,청양읍,36.4531893,126.8067285,
South Korea,415153370,town,청운면,37.5547097,127.7092749,
South Korea,414979452,town,청웅면,35.56731,127.21029,
South Korea,415153132,town,청일면,37.5982948,128.1688939,
South Korea,309947253,city,청주시,36.6421169,127.4891742,835669
South Korea,415158984,town,청천면,36.684251,127.8077291,
South Korea,415148541,town,청통면,35.99243,128.82626,
South Korea,415153561,town,청평면,37.7302694,127.4357398,
South Korea,415155613,town,청풍면,37.00768,128.13983,
South Korea,415164825,town,청풍면,34.88537,126.95651,
South Korea,415149935,town,청하면,35.9065215,126.839795,
South Korea,415162095,town,청하면,36.2010607,129.3402788,
South Korea,415150816,town,초계면,35.54753,128.25134,
South Korea,414980224,town,초동면,35.41121,128.68057,
South Korea,415155085,town,초월읍,37.39598,127.31009,
South Korea,415148926,town,초전면,35.99147,128.25212,
South Korea,415161791,town,초촌면,36.271859,127.0260587,
South Korea,415157266,town,초평면,36.8423027,127.5371066,
South Korea,415162990,town,추부면,36.2065355,127.4923916,
South Korea,415162631,town,추풍령면,36.2225402,128.0023237,
South Korea,415145580,town,축동면,35.1046576,128.0620844,
South Korea,415160191,town,축산면,36.49669,129.38424,
South Korea,415162247,town,춘산면,36.23991,128.81555,
South Korea,415156641,town,춘양면,36.98307,128.87495,
South Korea,415164804,town,춘양면,34.94099,126.95157,
South Korea,358015347,city,춘천시,37.8810569,127.7297641,280061
South Korea,415150165,town,춘포면,35.927274,127.023882,
South Korea,415155721,city,충주시,36.9907334,127.9259891,208529
South Korea,415163125,town,충화면,36.17315,126.82532,
South Korea,414978923,town,칠곡면,35.34677,128.18547,
South Korea,415165525,town,칠량면,34.57101,126.81999,
South Korea,9689824300,town,칠량면,34.5725479,126.7989099,
South Korea,415148054,town,칠보면,35.58377,126.97003,
South Korea,414980084,town,칠북면,35.35224,128.5384,
South Korea,415143794,town,칠서면,35.3265492,128.5005883,
South Korea,415157068,town,칠성면,36.7647683,127.8733718,
South Korea,414980112,town,칠원읍,35.29564,128.52186,
South Korea,415160846,town,탄부면,36.440206,127.7817747,
South Korea,415161799,town,탄천면,36.3190188,127.0303035,
South Korea,415152599,town,탄현면,37.80919,126.71015,
South Korea,415157939,town,탕정면,36.8093757,127.0686422,
South Korea,6919770645,city,태백시,37.1637943,128.9857176,43488
South Korea,415157190,town,태안읍,36.757905,126.2965246,
South Korea,415148074,town,태인면,35.65171,126.93653,
South Korea,415151777,town,토성면,38.25982,128.52049,
South Korea,415164242,town,토지면,35.198055,127.522964,
South Korea,358015505,city,통영시,34.854254,128.433205,139719
South Korea,415153453,town,통진읍,37.6948,126.60312,
South Korea,415154087,town,퇴계원읍,37.6486812,127.143363,
South Korea,415155110,town,퇴촌면,37.45878,127.3256,
South Korea,6780463693,city,파주시,37.7598955,126.7801502,427668
South Korea,415152757,town,파주읍,37.8292632,126.8164928,
South Korea,415160293,town,파천면,36.45991,129.0218,
South Korea,5182860669,town,판교면,36.1524152,126.6796737,
South Korea,415154663,town,판부면,37.2855367,127.974769,
South Korea,415147498,town,팔금면,34.78248,126.13929,
South Korea,415144802,town,팔덕면,35.38758,127.09062,
South Korea,415157201,town,팔봉면,36.81991,126.36988,
South Korea,415156190,town,팔탄면,37.1504846,126.8857646,
South Korea,415158065,town,팽성읍,36.9612668,127.04395,
South Korea,415158497,town,평은면,36.74326,128.69476,
South Korea,415154444,town,평창읍,37.3687653,128.3973536,
South Korea,415156335,city,평택시,36.9924966,127.1127168,489081
South Korea,415158220,town,평해읍,36.72702,129.44059,
South Korea,415155391,town,포곡읍,37.28783,127.21495,
South Korea,415165418,town,포두면,34.56953,127.35262,
South Korea,415157908,town,포승읍,36.98084,126.86534,
South Korea,415152942,city,포천시,37.8948267,127.2007295,152925
South Korea,358015241,city,포항시,36.0189315,129.3429384,514127
South Korea,415164659,town,표선면,33.3504543,126.794049,
South Korea,415150712,town,풍각면,35.6369,128.58593,
South Korea,415156724,town,풍기읍,36.89142,128.50935,
South Korea,415144842,town,풍산면,35.33617,127.14999,
South Korea,415158430,town,풍산읍,36.58872,128.58616,
South Korea,415160068,town,풍세면,36.73849,127.125,
South Korea,415158637,town,풍양면,36.5101555,128.2999493,
South Korea,415165716,town,풍양면,34.56309,127.23831,
South Korea,415158410,town,풍천면,36.5558131,128.5066066,
South Korea,4920826529,town,하남면,38.058661,127.6676318,
South Korea,415154181,city,하남시,37.5392476,127.2148664,327389
South Korea,414980222,town,하남읍,35.38357,128.73504,
South Korea,415145799,town,하동읍,35.0762976,127.7456884,
South Korea,414979595,town,하북면,35.4895462,129.0870695,
South Korea,415149287,town,하빈면,35.8955154,128.4246415,
South Korea,415151409,town,하서면,35.71786,126.63835,
South Korea,415153441,town,하성면,37.72975,126.63616,
South Korea,415148503,town,하양읍,35.9166162,128.8066711,
South Korea,415165031,town,하의면,34.6069081,126.0343039,
South Korea,415147441,town,하이면,34.93837,128.14274,
South Korea,415147447,town,하일면,34.93127,128.19424,
South Korea,415154351,town,하장면,37.3484278,128.9437848,
South Korea,4780356381,town,하점면,37.768405,126.4048539,
South Korea,415146695,town,하청면,34.9693564,128.6329985,
South Korea,415166140,town,학교면,35.02194,126.56314,
South Korea,415162891,town,학산면,36.087628,127.6851655,
South Korea,415165287,town,학산면,34.73167,126.59563,
South Korea,415164442,town,한경면,33.3305,126.21066,
South Korea,414980019,town,한림면,35.3204912,128.8023899,
South Korea,415164458,town,한림읍,33.39344,126.26684,
South Korea,415155576,town,한반도면,37.2189339,128.3415566,
South Korea,415163062,town,한산면,36.0836204,126.8224219,
South Korea,415156899,town,한수면,36.9209383,128.0818697,
South Korea,415164861,town,한천면,34.97332,127.02899,
South Korea,415163087,town,함라면,36.0382615,126.9037603,
South Korea,415145497,town,함안면,35.23511,128.42526,
South Korea,415151347,town,함양읍,35.5144,127.7199,
South Korea,415163272,town,함열읍,36.0620914,126.9638923,
South Korea,415158917,town,함창읍,36.55707,128.19041,
South Korea,415144540,town,함평읍,35.06643,126.49242,
South Korea,415157764,town,합덕읍,36.7977632,126.7692259,
South Korea,415151107,town,합천읍,35.60789,128.14465,
South Korea,415165283,town,해남읍,34.5721308,126.5984155,
South Korea,5229447217,town,해룡면,34.9136963,127.5374815,
South Korea,415144023,town,해리면,35.47524,126.51611,
South Korea,415159359,town,해미면,36.7138813,126.5450017,
South Korea,415166186,town,해보면,35.17069,126.58255,
South Korea,4475626287,town,해안면,38.2837717,128.1350583,
South Korea,415144449,town,해제면,35.1114654,126.2930356,
South Korea,415162519,town,해평면,36.2148,128.38839,
South Korea,415151448,town,행안면,35.7208064,126.7077406,
South Korea,415156261,town,향남읍,37.129402,126.9325167,
South Korea,415144469,town,현경면,35.04068,126.40164,
South Korea,415148398,town,현곡면,35.89356,129.17407,
South Korea,415152353,town,현남면,37.9687331,128.760578,
South Korea,415151768,town,현내면,38.53019,128.38807,
South Korea,415157917,town,현덕면,36.9483725,126.9237016,
South Korea,415161523,town,현도면,36.4905357,127.4370423,
South Korea,415160211,town,현동면,36.26769,129.0292,
South Korea,415152379,town,현북면,38.0192248,128.7235091,
South Korea,415165828,town,현산면,34.45252,126.56961,
South Korea,415162249,town,현서면,36.23422,128.91731,
South Korea,415150955,town,현풍읍,35.6974883,128.4475083,
South Korea,415158894,town,호계면,36.65691,128.20483,
South Korea,415158766,town,호명면,36.59988,128.46318,
South Korea,415161997,town,호미곶면,36.05571,129.55336,
South Korea,415156099,town,호법면,37.217,127.41843,
South Korea,415154627,town,호저면,37.4173826,127.9233604,
South Korea,415143837,town,홍농읍,35.3955739,126.4455413,6597
South Korea,415159504,town,홍동면,36.55537,126.70181,
South Korea,415159487,town,홍북읍,36.6502355,126.6922923,
South Korea,415163194,town,홍산면,36.22572,126.76547,
South Korea,415159367,town,홍성읍,36.5969032,126.6629617,
South Korea,415153199,town,홍천읍,37.6894014,127.8843043,
South Korea,415164245,town,화개면,35.1939262,127.6269704,
South Korea,415160868,town,화남면,36.4435325,127.8959083,
South Korea,415162219,town,화남면,36.07749,128.89677,
South Korea,415153287,town,화도면,37.6165073,126.4189198,
South Korea,415153536,town,화도읍,37.6538308,127.3196785,
South Korea,415160884,town,화동면,36.385477,127.9501924,
South Korea,415158963,town,화북면,36.5815023,127.8795687,
South Korea,415162285,town,화북면,36.13107,128.93835,
South Korea,415162206,town,화산면,36.02859,128.8578,
South Korea,415163480,town,화산면,36.0429428,127.2009112,
South Korea,415165805,town,화산면,34.4857,126.49165,
South Korea,415160871,town,화서면,36.4406395,127.946456,
South Korea,415161334,town,화성면,36.4429886,126.7152786,
South Korea,415156263,city,화성시,37.1994653,126.8312632,696587
South Korea,415146411,town,화순읍,35.05945,126.97312,
South Korea,415154342,town,화암면,37.3233602,128.8134721,
South Korea,415163049,town,화양면,36.0508194,126.7861149,
South Korea,415165163,town,화양면,34.69456,127.59725,
South Korea,415150778,town,화양읍,35.6491473,128.7064142,
South Korea,415165087,town,화원면,34.68931,126.30737,
South Korea,415148685,town,화원읍,35.8024072,128.4964134,
South Korea,414978959,town,화정면,35.28083,128.22271,
South Korea,415165159,town,화정면,34.61616,127.60127,
South Korea,4920826530,town,화천읍,38.1042329,127.7073657,
South Korea,415152483,town,화촌면,37.7669425,127.9771613,
South Korea,415152720,town,화현면,37.8971547,127.2817387,
South Korea,415162744,town,황간면,36.236126,127.897015,
South Korea,415163275,town,황등면,36.0154772,126.9405857,
South Korea,415144162,town,황룡면,35.30345,126.73805,
South Korea,415150131,town,황산면,35.7943955,126.9424735,
South Korea,415165144,town,황산면,34.57062,126.43976,
South Korea,415164406,town,황전면,35.11728,127.456,
South Korea,415161047,town,회남면,36.4340981,127.5738826,
South Korea,415161059,town,회인면,36.4980262,127.6006735,
South Korea,415166028,town,회진면,34.4801,126.94707,
South Korea,415165684,town,회천면,34.6886,127.09551,
South Korea,415149905,town,회현면,35.913627,126.7573268,
South Korea,415145481,town,회화면,35.07046,128.38406,
South Korea,415154515,town,횡성읍,37.492267,127.9926086,
South Korea,415145861,town,횡천면,35.11645,127.81413,
South Korea,415162340,town,효령면,36.14663,128.59544,
South Korea,415156854,town,효자면,36.79197,128.42637,
South Korea,415158223,town,후포면,36.68249,129.43031,
South Korea,415163872,town,휴천면,35.45121,127.73836,
South Korea,415164981,town,흑산면,34.69409,125.42259,
South Korea,415151463,town,흥덕면,35.53287,126.70101,
South Korea,415154548,town,흥업면,37.2896338,127.916504,
South Korea,415154758,town,흥천면,37.3324304,127.5426991,
South Korea,415162046,town,흥해읍,36.1126,129.35397,
North Korea,6028642044,town,四道沟镇,41.7451084,127.0503044,
North Korea,2340232919,town,大栗子街道,41.7299215,126.8316867,
North Korea,6527870146,town,太平湾街道,40.3354356,124.722028,
North Korea,3029782514,town,苇沙河镇,41.7365799,126.7466521,
North Korea,5070446433,town,갑산읍,41.094109,128.2917888,
North Korea,264064059,city,강계시,40.9709705,126.5936663,251971
North Korea,262411176,town,강남읍,38.8983453,125.6396795,
North Korea,2940501100,town,강동읍,39.1416596,126.0995107,
North Korea,2939076417,town,강령읍,37.9075595,125.5114603,
North Korea,10136749370,town,강서,38.9130754,125.5162237,
North Korea,2096155438,town,개산툰진,42.7011914,129.7561096,18611
North Korea,5669592976,city,개성시,37.9716991,126.5527573,308000
North Korea,5760486054,city,개천시,39.7034723,125.8888149,319554
North Korea,256631749,town,경성읍,41.5856521,129.6046057,
North Korea,2092754016,town,경원읍,42.8105218,130.2012805,
North Korea,256632326,town,경흥읍,42.5231815,130.3386084,
North Korea,2572171839,town,고산읍,38.8565363,127.42152,
North Korea,3731405039,town,고성읍,38.7405687,128.1863442,
North Korea,344242149,town,고원읍,39.4403967,127.2438233,
North Korea,8401375892,town,고읍로동자구,41.4634473,127.4964197,
North Korea,9462569039,town,고인로동자구,40.5032799,126.3934834,
North Korea,3722873021,town,고풍읍,40.6036259,125.9475912,
North Korea,262413404,town,곡산읍,38.781447,126.6705315,
North Korea,262412455,town,과일읍,38.4437604,125.0165097,
North Korea,2444890697,town,곽산읍,39.6862361,125.0830144,
North Korea,9868692903,town,광명로동자구,38.2975361,125.9315819,
North Korea,9470350500,town,구봉로동자구,39.4728602,126.1681815,
North Korea,264065858,city,구성시,39.9792248,125.252058,196515
North Korea,3706999613,town,구장읍,39.8690975,126.0281041,
North Korea,4915945606,town,근동면,38.2998593,127.5254919,
North Korea,3730773539,town,금강읍,38.6227128,127.985977,
North Korea,9358308063,town,금골1동,40.9285355,128.8164899,
North Korea,9358308065,town,금골2동,40.9498186,128.8242377,
North Korea,12312135887,town,금산동,40.8771467,128.8337678,
North Korea,10966079666,town,금산포로동자구,38.5785004,125.1553488,
North Korea,2926175978,town,금야읍,39.5496041,127.2409686,
North Korea,8423121501,town,금양로동자구,37.9825304,125.8588871,
North Korea,262413142,town,금천읍,38.1618863,126.4758675,
North Korea,11150312606,town,금호읍,40.0699885,128.329015,
North Korea,340276178,town,금화향,41.4281701,128.0272279,
North Korea,9141207815,town,길주읍,40.9642445,129.3337322,
North Korea,340275842,town,김정숙읍,41.4203779,127.7749879,
North Korea,5716814884,city,김책시,40.674265,129.1994761,195217
North Korea,9141235294,town,김형권읍,40.8193302,128.1559623,
North Korea,9170734519,town,김형직읍,41.5054229,127.2667764,
North Korea,2521015414,town,김화읍,38.4205701,127.5945204,
North Korea,9470474184,town,남덕동,39.6808435,126.2911623,
North Korea,9369171552,town,남신의주,40.0656181,124.4294477,
North Korea,2091511055,town,남양로동자구,42.9531564,129.8571099,65956
North Korea,9437098155,town,남정로동자구,38.7888226,126.3783663,
North Korea,2098431213,town,남평진,42.2634972,129.2055802,
North Korea,32539072,city,남포시,38.7367448,125.4115285,983660
North Korea,2245160539,town,녕변읍,39.8144698,125.8049562,
North Korea,3707860761,town,녕원읍,39.8231713,126.5432764,
North Korea,244078242,city,단둥시,40.1237658,124.3821748,2188436
North Korea,991650348,city,단천시,40.4590505,128.9038646,345875
North Korea,3706893251,town,대관읍,40.2190861,125.2240093,
North Korea,7159708217,town,대동읍,39.0781159,125.5328549,
North Korea,262411049,town,대안동,38.8366118,125.5071481,
North Korea,8583456714,town,대홍단읍,42.0005361,128.8516872,
North Korea,3707865088,town,대흥읍,40.0917173,126.9362672,
North Korea,9298546632,town,덕성읍,40.3133598,128.2721308,
North Korea,1946549941,city,덕천시,39.7657075,126.3132673,237133
North Korea,2298535943,town,동림읍,39.8586776,124.7104498,
North Korea,3723463567,town,동신읍,40.3083123,126.3061282,
North Korea,3706944126,town,동창읍,40.3041599,125.5687665,
North Korea,7318230495,town,득장로동자구,39.5780742,126.2074613,
North Korea,10136749367,town,라남,41.7157401,129.6912646,
North Korea,530848646,city,라선시,42.2497316,130.3113296,196954
North Korea,10220982242,town,라흥로동자구,40.1928516,128.5961583,
North Korea,10221028049,town,락연로동자구,38.2596061,125.1521573,
North Korea,9141063856,town,락원읍,39.904248,127.7738412,
North Korea,10261628428,town,랑림로동자구,40.9657141,126.8387836,
North Korea,413516573,town,랑림읍,40.9683614,127.1295051,
North Korea,6260039940,town,래일로동자구,40.0216668,127.1503149,
North Korea,9141070741,town,량강로동자구,40.8314817,126.2167217,
North Korea,10261654174,town,록림로동자구,41.3377648,127.3644815,
North Korea,3707703929,town,룡강읍,38.8543975,125.4220343,
North Korea,9812738006,town,룡담로동자구,41.009285,129.155928,
North Korea,9458391704,town,룡대로동자구,39.0619908,127.3719585,
North Korea,11767648546,town,룡등로동자구,39.8362477,126.0694775,
North Korea,3723463564,town,룡림읍,40.5427851,126.6499987,
North Korea,11767648547,town,룡문로동자구,39.8631064,126.1164183,
North Korea,9141070742,town,룡연로동자구,40.7288256,126.1506171,
North Korea,1210712322,town,룡연읍,38.1500943,124.8824434,
North Korea,264068434,town,룡천읍,39.983773,124.4634901,
North Korea,264052225,town,리원읍,40.323273,128.653512,
North Korea,3708960748,town,린산읍,38.3421153,126.1266102,
North Korea,244084978,city,린장시,41.8092486,126.9128334,121616
North Korea,1651873529,town,마록구진,41.4400514,128.2089565,
North Korea,2288628396,town,마셴향,41.0934923,126.1523004,
North Korea,264063426,city,만포시,41.1547179,126.2876899,116760
North Korea,3707843778,town,맹산읍,39.6560756,126.5063211,
North Korea,256632647,town,명간읍,41.2592177,129.497489,
North Korea,9680491463,town,명천읍,41.0685234,129.4297867,
North Korea,2097342990,town,무산읍,42.2243428,129.2143058,
North Korea,3517391817,town,문덕읍,39.5000631,125.595315,
North Korea,256630332,city,문천시,39.2370094,127.3598714,122934
North Korea,3498018508,town,밀강향,42.9932966,130.1374839,2018
North Korea,343729036,town,박천읍,39.7228321,125.5823814,
North Korea,8070743218,town,방현동,39.8889685,125.2419494,
North Korea,2939088928,town,배천읍,37.9920351,126.3025262,
North Korea,9359920975,town,백금산동,40.8841899,128.8191853,
North Korea,3171552780,town,백금향,42.4508422,129.4040476,
North Korea,2121766710,town,백암로동자구,41.2454524,128.8021276,
North Korea,2323336297,town,백암읍,41.567001,128.8120594,
North Korea,5668439340,town,법동읍,38.9765092,127.0820116,
North Korea,2937719138,town,벽동읍,40.587952,125.3302885,
North Korea,3718765656,town,벽성읍,38.046962,125.5563329,
North Korea,9298566830,town,보천읍,41.5252922,128.3064245,
North Korea,8424252204,town,봉량로동자구,38.0155784,126.3336494,
North Korea,3709010249,town,봉산읍,38.4868106,125.8454403,
North Korea,3718623271,town,봉천읍,38.1276957,126.2073523,
North Korea,9812738007,town,부래산로동자구,39.4359279,127.1779489,
North Korea,9298552518,town,부령읍,42.06256,129.7122368,
North Korea,10136749365,town,부윤,41.8956969,129.5028018,
North Korea,1271150197,town,부전읍,40.4872014,127.6179255,
North Korea,8419864853,town,부포로동자구,37.8187715,125.593079,
North Korea,11772677550,town,북진로동자구,40.2022103,125.7482982,
North Korea,1946483224,town,북창읍,39.5718561,126.3009168,
North Korea,9141102050,town,북청읍,40.2463643,128.3133703,
North Korea,256594216,city,사리원시,38.50935,125.7555447,307764
North Korea,3517229134,town,삭주읍,40.3873206,125.0470938,
North Korea,9298635204,town,삼수읍,41.2958156,128.0211574,
North Korea,264049134,city,삼지연시,41.8058062,128.3247859,
North Korea,262412431,town,삼천읍,38.3570999,125.328437,
North Korea,9470474202,town,삼탄동,39.7683171,126.3370178,
North Korea,10261654171,town,삼포로동자구,41.0532285,127.1296463,
North Korea,2093997990,town,삼합진,42.4772936,129.7376333,
North Korea,9141299325,town,상농로동자구,40.6032299,128.7313153,
North Korea,1891299111,town,상원읍,38.8449136,126.0939931,
North Korea,262413203,town,서흥읍,38.4221853,126.2310784,
North Korea,10720303762,town,석오리,39.2055054,125.3366617,
North Korea,2094693044,town,선봉구역,42.33957,130.3965785,
North Korea,3706788332,town,선천읍,39.7977909,124.9181405,
North Korea,3723463566,town,성간읍,40.7915035,126.560852,
North Korea,3707778531,town,성천읍,39.2505947,126.2179104,
North Korea,2506817155,town,세포읍,38.6426271,127.3584812,
North Korea,9382321186,town,송가로동자구,38.9981502,126.1226624,
North Korea,11765534534,town,송남로동자구,39.5279083,126.2386635,
North Korea,262410966,city,송림시,38.7535598,125.6460599,
North Korea,3722896848,town,송원읍,40.3711971,126.3002496,
North Korea,12292130109,town,송평로동자구,40.2735667,125.1569366,
North Korea,3718818079,town,송화읍,38.3613097,125.1369428,
North Korea,9404626430,town,수동로동자구,39.3897959,127.0110358,
North Korea,262413665,town,수안읍,38.7731498,126.353988,
North Korea,343731139,town,숙천읍,39.4137061,125.6209592,
North Korea,256633098,town,순안,39.1979825,125.6896809,
North Korea,9310138938,city,순천시,39.4196379,125.9476531,
North Korea,3170054418,town,숭선진,42.0932176,128.9978378,
North Korea,9337516764,town,승호읍,39.0275193,125.9629953,
North Korea,3723463565,town,시중읍,41.0775752,126.3700109,
North Korea,2933800787,town,신계읍,38.506411,126.5309999,
North Korea,11590939401,town,신단천,40.4005084,128.8556356,
North Korea,3719392463,town,신도읍,39.8045453,124.2310733,
North Korea,9141102049,town,신북청로동자구,40.1787824,128.3716276,
North Korea,9462962973,town,신산로동자구,39.318226,127.1527418,
North Korea,7064940787,town,신안주,39.5962839,125.6063095,
North Korea,3707823721,town,신양읍,39.2793403,126.4540848,
North Korea,10261628459,town,신원로동자구,40.9613546,127.0180384,
North Korea,262411583,town,신원읍,38.2350043,125.7667344,
North Korea,256633232,city,신의주시,40.0940758,124.3977559,288112
North Korea,7513661272,town,신창로동자구,40.1312309,128.4625661,
North Korea,262412274,town,신천읍,38.3534289,125.4901879,
North Korea,3708485726,town,신평읍,38.8987272,126.7426162,
North Korea,256630703,city,신포시,40.0316049,128.1914944,152759
North Korea,1271150255,town,신흥읍,40.191773,127.5531411,
North Korea,6028689429,town,십사도구진,41.4543593,127.9208369,
North Korea,6028664572,town,십이도구진,41.4645465,127.5426831,
North Korea,5668528422,town,안변읍,39.0432862,127.5253808,
North Korea,2939062118,town,안악읍,38.5080258,125.492778,
North Korea,343234697,city,안주시,39.6173686,125.6611381,240117
North Korea,9458391705,town,앞강로동자구,39.0426529,127.5011015,
North Korea,1895965640,town,양덕읍,39.2198812,126.6473243,
North Korea,11493071610,town,어궁로동자구,40.1005442,124.9677669,
North Korea,9141064176,town,어대진로동자구,41.3800473,129.7709735,
North Korea,256632539,town,어랑읍,41.4494083,129.6585074,
North Korea,2104764129,town,연사읍,41.9069523,129.0092442,
North Korea,262413564,town,연산읍,38.8717163,126.256656,
North Korea,1248207921,town,연안읍,37.9075884,126.1602107,23158
North Korea,3708440872,town,연탄읍,38.6247166,125.9786046,
North Korea,2288051472,town,염주읍,39.8957672,124.6018032,
North Korea,9357282910,town,영광읍,40.0177176,127.4583479,
North Korea,9462861747,town,옥평동,39.2862817,127.3015001,
North Korea,2096293438,town,온성읍,42.9575957,129.9896419,
North Korea,11493150519,town,온천리,40.3216449,125.063822,
North Korea,3707703930,town,온천읍,38.8788561,125.2264601,
North Korea,10221308857,town,옹진로동자구,37.9557754,125.3691871,
North Korea,264045740,town,옹진읍,37.9345908,125.3634999,
North Korea,2036276746,town,요덕읍,39.6103185,126.8409369,
North Korea,3722851085,town,우시읍,40.6763632,125.663761,
North Korea,3706983721,town,운산읍,40.1117755,125.9007447,
North Korea,8076489814,town,운양동,39.9086713,125.211796,
North Korea,3706928752,town,운전읍,39.6641919,125.5191904,101130
North Korea,9141288817,town,운흥읍,41.3048509,128.5000466,
North Korea,33259203,city,원산시,39.1725946,127.4284243,329207
North Korea,2094228933,town,원정동,42.5767206,130.5038202,
North Korea,3498114716,town,월청진,42.882776,129.8260208,8409
North Korea,6416739764,city,위안바오구,40.1358411,124.3899533,
North Korea,3723463563,town,위원읍,40.898435,125.969014,
North Korea,3718811923,town,은률읍,38.5122035,125.1895747,
North Korea,3707771307,town,은산읍,39.3955685,126.0162778,
North Korea,2939056982,town,은천읍,38.5667565,125.4300093,
North Korea,262411443,town,은파읍,38.408138,125.7931647,
North Korea,2446445320,town,의주읍,40.1977187,124.5311299,
North Korea,414078628,town,이천읍,38.4897015,126.8853896,
North Korea,11765534526,town,인포로동자구,39.6315519,126.3633347,
North Korea,3723463570,town,자성읍,41.4611528,126.6419444,
North Korea,3723463569,town,장강읍,41.0588051,126.668993,
North Korea,11051441268,town,장백진,41.4169604,128.190102,
North Korea,1651840626,city,장백현,41.4177015,128.1947718,42100
North Korea,9470474192,town,장상동,39.8157252,126.1756422,
North Korea,2939066636,town,장연읍,38.2529604,125.0959314,
North Korea,9144352008,town,장진읍,40.383233,127.2423097,
North Korea,8438236584,town,장촌로동자구,38.5484616,127.0853475,
North Korea,8431892946,town,장풍읍,38.0910052,126.6797724,
North Korea,262411914,town,재령읍,38.3981118,125.6164868,
North Korea,3723463571,town,전천읍,40.6155864,126.4617397,
North Korea,264065251,city,정주시,39.6929225,125.2101297,189742
North Korea,2928081280,town,정평읍,39.7875441,127.3953879,
North Korea,9470474185,town,제남동,39.7169339,126.2955825,
North Korea,2092874219,town,종성로동자구,42.763316,129.7945107,
North Korea,3723463572,town,중강읍,41.77738,126.872838,
North Korea,2939859259,town,중화읍,38.8626904,125.8014874,
North Korea,3707655698,town,증산읍,39.1043869,125.3716019,
North Korea,12992277440,town,차일로동자구,40.5951688,127.6511979,
North Korea,5668541785,town,창도읍,38.6529914,127.7128458,
North Korea,3706915185,town,창성읍,40.4507273,125.2174721,
North Korea,5941402405,town,창평로동자구,42.7863393,129.9345925,
North Korea,5668439339,town,천내읍,39.3676289,127.2267715,
North Korea,10136749369,town,천리마,38.9361624,125.5843627,
North Korea,3706796336,town,천마읍,40.0537707,125.0204122,
North Korea,9470350501,town,천성로동자구,39.465373,126.0942212,
North Korea,2299275982,town,철산읍,39.7710703,124.6748239,
North Korea,5668439338,town,철원읍,38.3472982,126.9047233,
North Korea,13518253342,town,청남로동자구,39.4900612,125.4580966,
North Korea,2939067622,town,청단읍,37.9751605,125.9400632,
North Korea,6409582001,town,청둥가도,41.1361109,126.2040054,
North Korea,3710946540,town,청수로동자구,40.4583565,124.8907623,
North Korea,5716818224,city,청진시,41.783248,129.8206615,667929
North Korea,3722858349,town,초산읍,40.8312208,125.805304,
North Korea,6735205261,town,칭스진,41.2715962,126.3573658,
North Korea,2246306887,town,태천읍,39.9215369,125.4942845,
North Korea,264056989,town,태탄읍,38.0859867,125.3016407,
North Korea,3709163475,town,토산읍,38.3113761,126.6925662,
North Korea,2523747656,town,통천읍,38.9540236,127.8907034,
North Korea,3049340595,town,판교읍,38.7525441,127.0004969,
North Korea,6411192697,town,팔도구진,41.5135277,127.25865,
North Korea,2502068065,town,평강읍,38.4143831,127.291586,
North Korea,6960141488,town,평산로동자구,40.6214693,127.9180455,
North Korea,264047428,town,평산읍,38.3381457,126.3979178,
North Korea,7778226608,city,평성시,39.2482905,125.8721799,284386
North Korea,32013127,city,평양직할시,39.0196585,125.7526222,3871335
North Korea,3057367140,town,평원읍,39.3054149,125.6036094,
North Korea,9141258639,town,풍서읍,40.9410894,128.0768938,
North Korea,9367378169,town,풍인로동자구,42.9319224,130.0377816,
North Korea,2298504433,town,피현읍,40.0144771,124.6167602,
North Korea,9155306472,town,학방로동자구,38.496557,127.7114239,
North Korea,2928081278,town,함주읍,39.8526174,127.4334417,
North Korea,256629919,city,함흥시,39.9165451,127.5384272,768551
North Korea,256594759,city,해주시,38.0421465,125.7084442,273300
North Korea,3706999614,town,향산읍,40.0399608,126.1761598,
North Korea,9141299324,town,허천읍,40.6788183,128.6064145,
North Korea,264048594,city,혜산시,41.4029448,128.1778371,192680
North Korea,9171160281,town,호하로동자구,41.7211729,126.8014323,
North Korea,9437375429,town,홀동로동자구,38.8735496,126.4422282,
North Korea,9298529394,town,홍원읍,40.0297791,127.9593766,
North Korea,9873380737,town,화곡리,38.4575279,126.1619412,
North Korea,9141282483,town,화대읍,40.8380626,129.5001494,
North Korea,9462962971,town,화라로동자구,39.3402683,127.1544156,
North Korea,3723463568,town,화평읍,41.258677,126.896734,
North Korea,3708403250,town,황주읍,38.6936286,125.7614514,
North Korea,256632365,city,회령시,42.4342802,129.7542469,153532
North Korea,5669548377,town,회양읍,38.70906,127.5986373,
North Korea,3707815832,town,회창읍,39.1017138,126.4567099,
North Korea,1967131653,city,희천시,40.171279,126.2760271,168180
